CM000664.2:10445264-10445145	CM000664.2:10445264-10445145
CM000663.2:38708708-38708962	CM000663.2:38708708-38708962
LEF1|Homo	LEF1|Homo
LEF1|Homo	hsa_ires_00607.1|Homo
hsa_ires_00016.1|Homo	hsa_ires_00016.1|Homo
hsa_ires_00048.1|Homo	hsa_ires_00048.1|Homo
hsa_ires_00080.1|Homo	hsa_ires_00080.1|Homo
hsa_ires_00112.1|Homo	hsa_ires_00112.1|Homo
hsa_ires_00144.1|Homo	hsa_ires_00144.1|Homo
hsa_ires_00176.1|Homo	hsa_ires_00176.1|Homo
hsa_ires_00208.1|Homo	hsa_ires_00208.1|Homo
hsa_ires_00240.1|Homo	hsa_ires_00240.1|Homo
hsa_ires_00272.1|Homo	hsa_ires_00272.1|Homo
hsa_ires_00304.1|Homo	hsa_ires_00304.1|Homo
hsa_ires_00336.1|Homo	hsa_ires_00336.1|Homo
hsa_ires_00368.1|Homo	hsa_ires_00368.1|Homo
hsa_ires_00400.1|Homo	hsa_ires_00400.1|Homo
hsa_ires_00432.1|Homo	hsa_ires_00432.1|Homo
hsa_ires_00464.1|Homo	hsa_ires_00464.1|Homo
hsa_ires_00496.1|Homo	hsa_ires_00496.1|Homo
hsa_ires_00528.1|Homo	hsa_ires_00528.1|Homo
hsa_ires_00560.1|Homo	hsa_ires_00560.1|Homo
hsa_ires_00592.1|Homo	hsa_ires_00592.1|Homo
hsa_ires_00624.1|Homo	hsa_ires_00624.1|Homo
hsa_ires_00656.1|Homo	hsa_ires_00656.1|Homo
hsa_ires_00688.1|Homo	hsa_ires_00688.1|Homo
NDST4L|Mus	NDST4L|Mus
mmu_ires_00028.1|Mus	mmu_ires_00028.1|Mus
mouse_hsa_ires_00376.1	mouse_hsa_ires_00376.1
mouse_hsa_ires_00376.1	mouse_hSNM1
mouse_hsa_ires_00376.1	mouse_hsa_ires_00603.1
KX884315.1:5604-5785	KX884315.1:5604-5785
SINV1_IGRpred|Solenopsis	SINV1_IGRpred|Solenopsis
SINV1_IGRpred|Solenopsis	vir_ires_00499.1
vir_ires_00203.1	vir_ires_00203.1
vir_ires_00487.1	vir_ires_00487.1
vir_ires_00487.1	FeLV-Notch2|Felis
vir_ires_00005.1	vir_ires_00005.1
vir_ires_00491.1	vir_ires_00491.1
vir_ires_00197.1	vir_ires_00197.1
vir_ires_00497.1	vir_ires_00497.1
vir_ires_00072.1	vir_ires_00072.1
vir_ires_00080.1	vir_ires_00080.1
vir_ires_00418.1	vir_ires_00418.1
vir_ires_00050.1	vir_ires_00050.1
vir_ires_00131.1	vir_ires_00131.1
vir_ires_00322.1	vir_ires_00322.1
vir_ires_00285.1	vir_ires_00285.1
vir_ires_00270.1	vir_ires_00270.1
vir_ires_00537.1	vir_ires_00537.1
hsa_ires_00017.1|Homo	hsa_ires_00017.1|Homo
hsa_ires_00049.1|Homo	hsa_ires_00049.1|Homo
hsa_ires_00081.1|Homo	hsa_ires_00081.1|Homo
hsa_ires_00113.1|Homo	hsa_ires_00113.1|Homo
hsa_ires_00145.1|Homo	hsa_ires_00145.1|Homo
hsa_ires_00177.1|Homo	hsa_ires_00177.1|Homo
hsa_ires_00209.1|Homo	hsa_ires_00209.1|Homo
hsa_ires_00241.1|Homo	hsa_ires_00241.1|Homo
hsa_ires_00273.1|Homo	hsa_ires_00273.1|Homo
hsa_ires_00305.1|Homo	hsa_ires_00305.1|Homo
hsa_ires_00337.1|Homo	hsa_ires_00337.1|Homo
hsa_ires_00369.1|Homo	hsa_ires_00369.1|Homo
hsa_ires_00401.1|Homo	hsa_ires_00401.1|Homo
hsa_ires_00433.1|Homo	hsa_ires_00433.1|Homo
hsa_ires_00465.1|Homo	hsa_ires_00465.1|Homo
hsa_ires_00497.1|Homo	hsa_ires_00497.1|Homo
hsa_ires_00529.1|Homo	hsa_ires_00529.1|Homo
hsa_ires_00561.1|Homo	hsa_ires_00561.1|Homo
hsa_ires_00625.1|Homo	hsa_ires_00625.1|Homo
hsa_ires_00657.1|Homo	hsa_ires_00657.1|Homo
hsa_ires_00689.1|Homo	hsa_ires_00689.1|Homo
NDST4S|Mus	NDST4S|Mus
mouse_hsa_ires_00077.1	mouse_hsa_ires_00077.1
KX884293.1:7275-7471	KX884293.1:7275-7471
EoPV_5NTR|Ectropis	EoPV_5NTR|Ectropis
vir_ires_00093.1	vir_ires_00093.1
vir_ires_00358.1	vir_ires_00358.1
vir_ires_00266.1	vir_ires_00266.1
vir_ires_00176.1	vir_ires_00176.1
vir_ires_00009.1	vir_ires_00009.1
vir_ires_00370.1	vir_ires_00370.1
vir_ires_00377.1	vir_ires_00377.1
vir_ires_00326.1	vir_ires_00326.1
vir_ires_00424.1	vir_ires_00424.1
vir_ires_00443.1	vir_ires_00443.1
vir_ires_00443.1	vir_ires_00030.1
vir_ires_00443.1	vir_ires_00444.1
vir_ires_00054.1	vir_ires_00054.1
vir_ires_00119.1	vir_ires_00119.1
vir_ires_00485.1	vir_ires_00485.1
vir_ires_00486.1	vir_ires_00486.1
vir_ires_00017.1	vir_ires_00017.1
vir_ires_00538.1	vir_ires_00538.1
GL000255.2:3071369-3071588	GL000255.2:3071369-3071588
GL000255.2:3071369-3071588	GL000250.2:3148163-3148382
GL000255.2:3071369-3071588	CM000668.2:31815541-31815760
GL000255.2:3071369-3071588	hsa_ires_00604.1|Homo
GL000255.2:3071369-3071588	GL000251.2:3292792-3293011
GL000255.2:3071369-3071588	GL000252.2:3063320-3063539
GL000255.2:3071369-3071588	hsp70|Homo
MNT_75-267|Homo	MNT_75-267|Homo
MNT_75-267|Homo	MNT_75-267|Homo
MNT_75-267|Homo	CM001004.3:74721955-74722157
MNT_75-267|Homo	mouse_CM000679.2:2400912-2400710
MNT_75-267|Homo	mouse_hsa_ires_00608.1
MNT_75-267|Homo	mouse_MNT_75-267
MNT_75-267|Homo	CM000679.2:2400912-2400710
hsa_ires_00018.1|Homo	hsa_ires_00018.1|Homo
hsa_ires_00050.1|Homo	hsa_ires_00050.1|Homo
hsa_ires_00082.1|Homo	hsa_ires_00082.1|Homo
hsa_ires_00114.1|Homo	hsa_ires_00114.1|Homo
hsa_ires_00178.1|Homo	hsa_ires_00178.1|Homo
hsa_ires_00210.1|Homo	hsa_ires_00210.1|Homo
hsa_ires_00242.1|Homo	hsa_ires_00242.1|Homo
hsa_ires_00274.1|Homo	hsa_ires_00274.1|Homo
hsa_ires_00306.1|Homo	hsa_ires_00306.1|Homo
hsa_ires_00338.1|Homo	hsa_ires_00338.1|Homo
hsa_ires_00370.1|Homo	hsa_ires_00370.1|Homo
hsa_ires_00402.1|Homo	hsa_ires_00402.1|Homo
hsa_ires_00434.1|Homo	hsa_ires_00434.1|Homo
hsa_ires_00466.1|Homo	hsa_ires_00466.1|Homo
hsa_ires_00498.1|Homo	hsa_ires_00498.1|Homo
hsa_ires_00530.1|Homo	hsa_ires_00530.1|Homo
hsa_ires_00562.1|Homo	hsa_ires_00562.1|Homo
hsa_ires_00594.1|Homo	hsa_ires_00594.1|Homo
hsa_ires_00626.1|Homo	hsa_ires_00626.1|Homo
hsa_ires_00658.1|Homo	hsa_ires_00658.1|Homo
hsa_ires_00690.1|Homo	hsa_ires_00690.1|Homo
mmu_ires_00030.1|Mus	mmu_ires_00030.1|Mus
mouse_hsa_ires_00065.1	mouse_hsa_ires_00065.1
mouse_CM000673.2:30012935-30012676	mouse_CM000673.2:30012935-30012676
DQ279927.1:55269-55485	DQ279927.1:55269-55485
ERAV_245-961|Equine	ERAV_245-961|Equine
ERAV_245-961|Equine	vir_ires_00500.1
TMEV|Theiler\'s	TMEV|Theiler\'s
vir_ires_00260.1	vir_ires_00260.1
vir_ires_00420.1	vir_ires_00420.1
vir_ires_00167.1	vir_ires_00167.1
vir_ires_00037.1	vir_ires_00037.1
vir_ires_00496.1	vir_ires_00496.1
vir_ires_00496.1	M31182.1:1-385
vir_ires_00496.1	BVDV1_1-385|Bovine
vir_ires_00496.1	BVDV1_1-385|Bovine
vir_ires_00110.1	vir_ires_00110.1
vir_ires_00468.1	vir_ires_00468.1
vir_ires_00126.1	vir_ires_00126.1
vir_ires_00351.1	vir_ires_00351.1
vir_ires_00245.1	vir_ires_00245.1
vir_ires_00245.1	DCV_IGR|Drosophila
vir_ires_00207.1	vir_ires_00207.1
vir_ires_00363.1	vir_ires_00363.1
vir_ires_00290.1	vir_ires_00290.1
vir_ires_00539.1	vir_ires_00539.1
hsa_ires_00019.1|Homo	hsa_ires_00019.1|Homo
hsa_ires_00051.1|Homo	hsa_ires_00051.1|Homo
hsa_ires_00083.1|Homo	hsa_ires_00083.1|Homo
hsa_ires_00115.1|Homo	hsa_ires_00115.1|Homo
hsa_ires_00179.1|Homo	hsa_ires_00179.1|Homo
hsa_ires_00211.1|Homo	hsa_ires_00211.1|Homo
hsa_ires_00243.1|Homo	hsa_ires_00243.1|Homo
hsa_ires_00275.1|Homo	hsa_ires_00275.1|Homo
hsa_ires_00307.1|Homo	hsa_ires_00307.1|Homo
hsa_ires_00339.1|Homo	hsa_ires_00339.1|Homo
hsa_ires_00371.1|Homo	hsa_ires_00371.1|Homo
hsa_ires_00403.1|Homo	hsa_ires_00403.1|Homo
hsa_ires_00435.1|Homo	hsa_ires_00435.1|Homo
hsa_ires_00467.1|Homo	hsa_ires_00467.1|Homo
hsa_ires_00499.1|Homo	hsa_ires_00499.1|Homo
hsa_ires_00531.1|Homo	hsa_ires_00531.1|Homo
hsa_ires_00563.1|Homo	hsa_ires_00563.1|Homo
hsa_ires_00595.1|Homo	hsa_ires_00595.1|Homo
hsa_ires_00627.1|Homo	hsa_ires_00627.1|Homo
hsa_ires_00659.1|Homo	hsa_ires_00659.1|Homo
UtrA|Mus	UtrA|Mus
mouse_hsa_ires_00526.1	mouse_hsa_ires_00526.1
mouse_hsa_ires_00227.1	mouse_hsa_ires_00227.1
mouse_hsa_ires_00227.1	mouse_hsa_ires_00437.1
mouse_hsa_ires_00227.1	mouse_hsa_ires_00384.1
TMV_UI_IRESmp228|Tobacco	TMV_UI_IRESmp228|Tobacco
vir_ires_00055.1	vir_ires_00055.1
vir_ires_00446.1	vir_ires_00446.1
vir_ires_00155.1	vir_ires_00155.1
vir_ires_00184.1	vir_ires_00184.1
vir_ires_00298.1	vir_ires_00298.1
vir_ires_00213.1	vir_ires_00213.1
vir_ires_00244.1	vir_ires_00244.1
vir_ires_00423.1	vir_ires_00423.1
vir_ires_00252.1	vir_ires_00252.1
vir_ires_00373.1	vir_ires_00373.1
vir_ires_00059.1	vir_ires_00059.1
vir_ires_00323.1	vir_ires_00323.1
vir_ires_00540.1	vir_ires_00540.1
CM000671.2:33264696-33264327	CM000671.2:33264696-33264327
AML1/RUNX1|Homo	AML1/RUNX1|Homo
AML1/RUNX1|Homo	hsa_ires_00593.1|Homo
hsa_ires_00020.1|Homo	hsa_ires_00020.1|Homo
hsa_ires_00052.1|Homo	hsa_ires_00052.1|Homo
hsa_ires_00084.1|Homo	hsa_ires_00084.1|Homo
hsa_ires_00116.1|Homo	hsa_ires_00116.1|Homo
hsa_ires_00148.1|Homo	hsa_ires_00148.1|Homo
hsa_ires_00180.1|Homo	hsa_ires_00180.1|Homo
hsa_ires_00212.1|Homo	hsa_ires_00212.1|Homo
hsa_ires_00244.1|Homo	hsa_ires_00244.1|Homo
hsa_ires_00276.1|Homo	hsa_ires_00276.1|Homo
hsa_ires_00308.1|Homo	hsa_ires_00308.1|Homo
hsa_ires_00340.1|Homo	hsa_ires_00340.1|Homo
hsa_ires_00372.1|Homo	hsa_ires_00372.1|Homo
hsa_ires_00404.1|Homo	hsa_ires_00404.1|Homo
hsa_ires_00436.1|Homo	hsa_ires_00436.1|Homo
hsa_ires_00468.1|Homo	hsa_ires_00468.1|Homo
hsa_ires_00500.1|Homo	hsa_ires_00500.1|Homo
hsa_ires_00532.1|Homo	hsa_ires_00532.1|Homo
hsa_ires_00564.1|Homo	hsa_ires_00564.1|Homo
hsa_ires_00628.1|Homo	hsa_ires_00628.1|Homo
hsa_ires_00660.1|Homo	hsa_ires_00660.1|Homo
CM001006.3:58956225-58956532	CM001006.3:58956225-58956532
CM001006.3:58956225-58956532	mmu_ires_00029.1|Mus
CM001006.3:58956225-58956532	mouse_hsa_ires_00640.1
CM001006.3:58956225-58956532	mouse_CM000671.2:84670396-84670748
VEGF-A_-133_-1|Mus	VEGF-A_-133_-1|Mus
mouse_hsa_ires_00588.1	mouse_hsa_ires_00588.1
mouse_hsa_ires_00588.1	CM000995.3:34662106-34662369
mouse_hsa_ires_00588.1	mouse_hsa_ires_00597.1
mouse_hsa_ires_00588.1	mouse_CM000671.2:125241341-125241094
mouse_hsa_ires_00588.1	mouse_hsa_ires_00315.1
mouse_hsa_ires_00588.1	mouse_BiP_-222_-3
mouse_hsa_ires_00047.1	mouse_hsa_ires_00047.1
mouse_hsa_ires_00227.1	mouse_hsa_ires_00227.1
mouse_hsa_ires_00227.1	mouse_hsa_ires_00384.1
mouse_hsa_ires_00049.1	mouse_hsa_ires_00049.1
KX883663.1:6128-6306	KX883663.1:6128-6306
vir_ires_00269.1	vir_ires_00269.1
vir_ires_00169.1	vir_ires_00169.1
vir_ires_00191.1	vir_ires_00191.1
vir_ires_00325.1	vir_ires_00325.1
vir_ires_00366.1	vir_ires_00366.1
vir_ires_00006.1	vir_ires_00006.1
vir_ires_00104.1	vir_ires_00104.1
vir_ires_00051.1	vir_ires_00051.1
vir_ires_00095.1	vir_ires_00095.1
vir_ires_00171.1	vir_ires_00171.1
vir_ires_00317.1	vir_ires_00317.1
vir_ires_00196.1	vir_ires_00196.1
vir_ires_00541.1	vir_ires_00541.1
CM000671.2:84670396-84670748	CM000671.2:84670396-84670748
Apaf-1|Homo	Apaf-1|Homo
Apaf-1|Homo	hsa_ires_00580.1|Homo
hsa_ires_00021.1|Homo	hsa_ires_00021.1|Homo
hsa_ires_00053.1|Homo	hsa_ires_00053.1|Homo
hsa_ires_00085.1|Homo	hsa_ires_00085.1|Homo
hsa_ires_00117.1|Homo	hsa_ires_00117.1|Homo
hsa_ires_00149.1|Homo	hsa_ires_00149.1|Homo
hsa_ires_00181.1|Homo	hsa_ires_00181.1|Homo
hsa_ires_00213.1|Homo	hsa_ires_00213.1|Homo
hsa_ires_00245.1|Homo	hsa_ires_00245.1|Homo
hsa_ires_00277.1|Homo	hsa_ires_00277.1|Homo
hsa_ires_00309.1|Homo	hsa_ires_00309.1|Homo
hsa_ires_00341.1|Homo	hsa_ires_00341.1|Homo
hsa_ires_00373.1|Homo	hsa_ires_00373.1|Homo
hsa_ires_00405.1|Homo	hsa_ires_00405.1|Homo
hsa_ires_00437.1|Homo	hsa_ires_00437.1|Homo
hsa_ires_00469.1|Homo	hsa_ires_00469.1|Homo
hsa_ires_00501.1|Homo	hsa_ires_00501.1|Homo
hsa_ires_00533.1|Homo	hsa_ires_00533.1|Homo
hsa_ires_00565.1|Homo	hsa_ires_00565.1|Homo
hsa_ires_00597.1|Homo	hsa_ires_00597.1|Homo
hsa_ires_00629.1|Homo	hsa_ires_00629.1|Homo
hsa_ires_00661.1|Homo	hsa_ires_00661.1|Homo
mmu_ires_00000.1|Mus	mmu_ires_00000.1|Mus
mouse_hsa_ires_00352.1	mouse_hsa_ires_00352.1
mouse_hsa_ires_00653.1	mouse_hsa_ires_00653.1
mouse_hsa_ires_00653.1	mouse_hsa_ires_00303.1
mouse_hsa_ires_00653.1	mouse_hsa_ires_00188.1
mouse_hsa_ires_00653.1	mouse_hsa_ires_00614.1
mouse_hsa_ires_00653.1	mouse_hsa_ires_00605.1
mouse_hsa_ires_00686.1	mouse_hsa_ires_00686.1
KX883934.1:6306-6467	KX883934.1:6306-6467
TRV_5NTR|Triatoma	TRV_5NTR|Triatoma
TRV_5NTR|Triatoma	TRV_5NTR|Triatoma
vir_ires_00417.1	vir_ires_00417.1
vir_ires_00062.1	vir_ires_00062.1
vir_ires_00277.1	vir_ires_00277.1
vir_ires_00394.1	vir_ires_00394.1
vir_ires_00219.1	vir_ires_00219.1
vir_ires_00347.1	vir_ires_00347.1
vir_ires_00128.1	vir_ires_00128.1
vir_ires_00247.1	vir_ires_00247.1
vir_ires_00086.1	vir_ires_00086.1
vir_ires_00462.1	vir_ires_00462.1
vir_ires_00462.1	vir_ires_00029.1
vir_ires_00390.1	vir_ires_00390.1
vir_ires_00081.1	vir_ires_00081.1
vir_ires_00109.1	vir_ires_00109.1
vir_ires_00023.1	vir_ires_00023.1
vir_ires_00040.1	vir_ires_00040.1
vir_ires_00542.1	vir_ires_00542.1
CM000673.2:30012935-30012676	CM000673.2:30012935-30012676
AQP4|Homo	AQP4|Homo
n-MYC|Homo	n-MYC|Homo
hsa_ires_00022.1|Homo	hsa_ires_00022.1|Homo
hsa_ires_00054.1|Homo	hsa_ires_00054.1|Homo
hsa_ires_00086.1|Homo	hsa_ires_00086.1|Homo
hsa_ires_00118.1|Homo	hsa_ires_00118.1|Homo
hsa_ires_00150.1|Homo	hsa_ires_00150.1|Homo
hsa_ires_00182.1|Homo	hsa_ires_00182.1|Homo
hsa_ires_00214.1|Homo	hsa_ires_00214.1|Homo
hsa_ires_00246.1|Homo	hsa_ires_00246.1|Homo
hsa_ires_00278.1|Homo	hsa_ires_00278.1|Homo
hsa_ires_00310.1|Homo	hsa_ires_00310.1|Homo
hsa_ires_00342.1|Homo	hsa_ires_00342.1|Homo
hsa_ires_00374.1|Homo	hsa_ires_00374.1|Homo
hsa_ires_00406.1|Homo	hsa_ires_00406.1|Homo
hsa_ires_00438.1|Homo	hsa_ires_00438.1|Homo
hsa_ires_00470.1|Homo	hsa_ires_00470.1|Homo
hsa_ires_00502.1|Homo	hsa_ires_00502.1|Homo
hsa_ires_00534.1|Homo	hsa_ires_00534.1|Homo
hsa_ires_00566.1|Homo	hsa_ires_00566.1|Homo
hsa_ires_00598.1|Homo	hsa_ires_00598.1|Homo
hsa_ires_00598.1|Homo	c-myc|Homo
hsa_ires_00598.1|Homo	CM000670.2:127736244-127736545
hsa_ires_00630.1|Homo	hsa_ires_00630.1|Homo
hsa_ires_00662.1|Homo	hsa_ires_00662.1|Homo
CM000997.3:40948223-40947846	CM000997.3:40948223-40947846
mouse_hsa_ires_00653.1	mouse_hsa_ires_00653.1
mouse_hsa_ires_00653.1	mouse_hsa_ires_00303.1
mouse_hsa_ires_00653.1	mouse_hsa_ires_00614.1
mouse_hsa_ires_00653.1	mouse_hsa_ires_00605.1
mouse_hsa_ires_00666.1	mouse_hsa_ires_00666.1
mouse_hsa_ires_00666.1	mouse_hsa_ires_00669.1
mouse_hsa_ires_00666.1	mouse_hsa_ires_00667.1
mouse_hsa_ires_00666.1	mouse_hsa_ires_00665.1
mouse_hsa_ires_00666.1	mouse_hsa_ires_00668.1
KX883972.1:5630-5823	KX883972.1:5630-5823
FMDV_type_C|Foot-and-mouth	FMDV_type_C|Foot-and-mouth
vir_ires_00147.1	vir_ires_00147.1
vir_ires_00127.1	vir_ires_00127.1
vir_ires_00399.1	vir_ires_00399.1
vir_ires_00094.1	vir_ires_00094.1
vir_ires_00502.1	vir_ires_00502.1
vir_ires_00421.1	vir_ires_00421.1
vir_ires_00432.1	vir_ires_00432.1
vir_ires_00432.1	vir_ires_00027.1
vir_ires_00359.1	vir_ires_00359.1
vir_ires_00163.1	vir_ires_00163.1
vir_ires_00283.1	vir_ires_00283.1
vir_ires_00096.1	vir_ires_00096.1
vir_ires_00447.1	vir_ires_00447.1
vir_ires_00159.1	vir_ires_00159.1
vir_ires_00511.1	vir_ires_00511.1
vir_ires_00543.1	vir_ires_00543.1
AT1R_var1|Homo	AT1R_var1|Homo
AT1R_var1|Homo	AT1R_var4|Homo
NRF_-653_-17|Homo	NRF_-653_-17|Homo
NRF_-653_-17|Homo	hsa_ires_00611.1|Homo
hsa_ires_00023.1|Homo	hsa_ires_00023.1|Homo
hsa_ires_00055.1|Homo	hsa_ires_00055.1|Homo
hsa_ires_00087.1|Homo	hsa_ires_00087.1|Homo
hsa_ires_00119.1|Homo	hsa_ires_00119.1|Homo
hsa_ires_00151.1|Homo	hsa_ires_00151.1|Homo
hsa_ires_00183.1|Homo	hsa_ires_00183.1|Homo
hsa_ires_00215.1|Homo	hsa_ires_00215.1|Homo
hsa_ires_00247.1|Homo	hsa_ires_00247.1|Homo
hsa_ires_00279.1|Homo	hsa_ires_00279.1|Homo
hsa_ires_00311.1|Homo	hsa_ires_00311.1|Homo
hsa_ires_00343.1|Homo	hsa_ires_00343.1|Homo
hsa_ires_00375.1|Homo	hsa_ires_00375.1|Homo
hsa_ires_00407.1|Homo	hsa_ires_00407.1|Homo
hsa_ires_00439.1|Homo	hsa_ires_00439.1|Homo
hsa_ires_00471.1|Homo	hsa_ires_00471.1|Homo
hsa_ires_00503.1|Homo	hsa_ires_00503.1|Homo
hsa_ires_00535.1|Homo	hsa_ires_00535.1|Homo
hsa_ires_00567.1|Homo	hsa_ires_00567.1|Homo
hsa_ires_00599.1|Homo	hsa_ires_00599.1|Homo
hsa_ires_00631.1|Homo	hsa_ires_00631.1|Homo
hsa_ires_00663.1|Homo	hsa_ires_00663.1|Homo
mmu_ires_00002.1|Mus	mmu_ires_00002.1|Mus
mouse_hsa_ires_00561.1	mouse_hsa_ires_00561.1
mouse_hsa_ires_00125.1	mouse_hsa_ires_00125.1
KX883381.1:6466-6659	KX883381.1:6466-6659
vir_ires_00297.1	vir_ires_00297.1
vir_ires_00291.1	vir_ires_00291.1
vir_ires_00346.1	vir_ires_00346.1
vir_ires_00114.1	vir_ires_00114.1
vir_ires_00179.1	vir_ires_00179.1
vir_ires_00221.1	vir_ires_00221.1
vir_ires_00077.1	vir_ires_00077.1
vir_ires_00223.1	vir_ires_00223.1
vir_ires_00360.1	vir_ires_00360.1
vir_ires_00360.1	vir_ires_00469.1
vir_ires_00233.1	vir_ires_00233.1
vir_ires_00227.1	vir_ires_00227.1
vir_ires_00316.1	vir_ires_00316.1
vir_ires_00349.1	vir_ires_00349.1
vir_ires_00117.1	vir_ires_00117.1
vir_ires_00512.1	vir_ires_00512.1
vir_ires_00544.1	vir_ires_00544.1
AT1R_var2|Homo	AT1R_var2|Homo
p27kip1|Homo	p27kip1|Homo
hsa_ires_00024.1|Homo	hsa_ires_00024.1|Homo
hsa_ires_00056.1|Homo	hsa_ires_00056.1|Homo
hsa_ires_00088.1|Homo	hsa_ires_00088.1|Homo
hsa_ires_00120.1|Homo	hsa_ires_00120.1|Homo
hsa_ires_00152.1|Homo	hsa_ires_00152.1|Homo
hsa_ires_00184.1|Homo	hsa_ires_00184.1|Homo
hsa_ires_00216.1|Homo	hsa_ires_00216.1|Homo
hsa_ires_00248.1|Homo	hsa_ires_00248.1|Homo
hsa_ires_00280.1|Homo	hsa_ires_00280.1|Homo
hsa_ires_00312.1|Homo	hsa_ires_00312.1|Homo
hsa_ires_00344.1|Homo	hsa_ires_00344.1|Homo
hsa_ires_00376.1|Homo	hsa_ires_00376.1|Homo
hsa_ires_00408.1|Homo	hsa_ires_00408.1|Homo
hsa_ires_00440.1|Homo	hsa_ires_00440.1|Homo
hsa_ires_00472.1|Homo	hsa_ires_00472.1|Homo
hsa_ires_00504.1|Homo	hsa_ires_00504.1|Homo
hsa_ires_00536.1|Homo	hsa_ires_00536.1|Homo
hsa_ires_00568.1|Homo	hsa_ires_00568.1|Homo
hsa_ires_00600.1|Homo	hsa_ires_00600.1|Homo
hsa_ires_00632.1|Homo	hsa_ires_00632.1|Homo
hsa_ires_00664.1|Homo	hsa_ires_00664.1|Homo
CM001013.3:159687117-159686931	CM001013.3:159687117-159686931
mmu_ires_00003.1|Mus	mmu_ires_00003.1|Mus
mmu_ires_00003.1|Mus	NDST1|Mus
mouse_hsa_ires_00672.1	mouse_hsa_ires_00672.1
mouse_hsa_ires_00625.1	mouse_hsa_ires_00625.1
mouse_CM000685.2:71223206-71223356	mouse_CM000685.2:71223206-71223356
mouse_CM000685.2:71223206-71223356	CM001013.3:100427320-100427468
mouse_CM000685.2:71223206-71223356	mmu_ires_00013.1|Mus
mouse_CM000685.2:71223206-71223356	CM000685.2:71223206-71223356
mouse_hsa_ires_00344.1	mouse_hsa_ires_00344.1
KX884478.1:5388-5567	KX884478.1:5388-5567
GBV-B|Hepatitis	GBV-B|Hepatitis
GBV-B|Hepatitis	vir_ires_00478.1
vir_ires_00287.1	vir_ires_00287.1
vir_ires_00362.1	vir_ires_00362.1
vir_ires_00362.1	vir_ires_00340.1
vir_ires_00001.1	vir_ires_00001.1
vir_ires_00318.1	vir_ires_00318.1
vir_ires_00241.1	vir_ires_00241.1
vir_ires_00356.1	vir_ires_00356.1
vir_ires_00395.1	vir_ires_00395.1
vir_ires_00228.1	vir_ires_00228.1
vir_ires_00060.1	vir_ires_00060.1
vir_ires_00088.1	vir_ires_00088.1
vir_ires_00183.1	vir_ires_00183.1
vir_ires_00405.1	vir_ires_00405.1
vir_ires_00156.1	vir_ires_00156.1
vir_ires_00021.1	vir_ires_00021.1
vir_ires_00545.1	vir_ires_00545.1
GL000250.2:3160362-3160579	GL000250.2:3160362-3160579
GL000250.2:3160362-3160579	CM000668.2:31827737-31827954
GL000250.2:3160362-3160579	GL000251.2:3304990-3305207
GL000250.2:3160362-3160579	GL000252.2:3075516-3075733
GL000250.2:3160362-3160579	GL000255.2:3083569-3083786
AT1R_var3|Homo	AT1R_var3|Homo
hsa_ires_00025.1|Homo	hsa_ires_00025.1|Homo
hsa_ires_00057.1|Homo	hsa_ires_00057.1|Homo
hsa_ires_00089.1|Homo	hsa_ires_00089.1|Homo
hsa_ires_00121.1|Homo	hsa_ires_00121.1|Homo
hsa_ires_00153.1|Homo	hsa_ires_00153.1|Homo
hsa_ires_00185.1|Homo	hsa_ires_00185.1|Homo
hsa_ires_00217.1|Homo	hsa_ires_00217.1|Homo
hsa_ires_00249.1|Homo	hsa_ires_00249.1|Homo
hsa_ires_00281.1|Homo	hsa_ires_00281.1|Homo
hsa_ires_00313.1|Homo	hsa_ires_00313.1|Homo
hsa_ires_00345.1|Homo	hsa_ires_00345.1|Homo
hsa_ires_00377.1|Homo	hsa_ires_00377.1|Homo
hsa_ires_00409.1|Homo	hsa_ires_00409.1|Homo
hsa_ires_00441.1|Homo	hsa_ires_00441.1|Homo
hsa_ires_00473.1|Homo	hsa_ires_00473.1|Homo
hsa_ires_00505.1|Homo	hsa_ires_00505.1|Homo
hsa_ires_00537.1|Homo	hsa_ires_00537.1|Homo
hsa_ires_00569.1|Homo	hsa_ires_00569.1|Homo
hsa_ires_00601.1|Homo	hsa_ires_00601.1|Homo
hsa_ires_00633.1|Homo	hsa_ires_00633.1|Homo
hsa_ires_00665.1|Homo	hsa_ires_00665.1|Homo
hsa_ires_00665.1|Homo	hsa_ires_00668.1|Homo
CM001010.3:46342573-46342268	CM001010.3:46342573-46342268
mouse_hsa_ires_00513.1	mouse_hsa_ires_00513.1
mouse_hsa_ires_00471.1	mouse_hsa_ires_00471.1
mouse_hsa_ires_00173.1	mouse_hsa_ires_00173.1
KX883372.1:6126-6317	KX883372.1:6126-6317
GBV-C|Hepatitis	GBV-C|Hepatitis
vir_ires_00343.1	vir_ires_00343.1
vir_ires_00343.1	HoCV1_IGRpred|Homalodisca
vir_ires_00193.1	vir_ires_00193.1
vir_ires_00275.1	vir_ires_00275.1
vir_ires_00240.1	vir_ires_00240.1
vir_ires_00153.1	vir_ires_00153.1
vir_ires_00070.1	vir_ires_00070.1
vir_ires_00157.1	vir_ires_00157.1
vir_ires_00258.1	vir_ires_00258.1
vir_ires_00121.1	vir_ires_00121.1
vir_ires_00253.1	vir_ires_00253.1
vir_ires_00151.1	vir_ires_00151.1
vir_ires_00032.1	vir_ires_00032.1
vir_ires_00415.1	vir_ires_00415.1
vir_ires_00103.1	vir_ires_00103.1
vir_ires_00437.1	vir_ires_00437.1
vir_ires_00514.1	vir_ires_00514.1
vir_ires_00514.1	HiPV_IGRpred|Himetobi
vir_ires_00546.1	vir_ires_00546.1
PDGF2/c-sis|Homo	PDGF2/c-sis|Homo
hsa_ires_00026.1|Homo	hsa_ires_00026.1|Homo
hsa_ires_00058.1|Homo	hsa_ires_00058.1|Homo
hsa_ires_00090.1|Homo	hsa_ires_00090.1|Homo
hsa_ires_00122.1|Homo	hsa_ires_00122.1|Homo
hsa_ires_00154.1|Homo	hsa_ires_00154.1|Homo
hsa_ires_00186.1|Homo	hsa_ires_00186.1|Homo
hsa_ires_00218.1|Homo	hsa_ires_00218.1|Homo
hsa_ires_00250.1|Homo	hsa_ires_00250.1|Homo
hsa_ires_00282.1|Homo	hsa_ires_00282.1|Homo
hsa_ires_00314.1|Homo	hsa_ires_00314.1|Homo
hsa_ires_00346.1|Homo	hsa_ires_00346.1|Homo
hsa_ires_00378.1|Homo	hsa_ires_00378.1|Homo
hsa_ires_00410.1|Homo	hsa_ires_00410.1|Homo
hsa_ires_00442.1|Homo	hsa_ires_00442.1|Homo
hsa_ires_00474.1|Homo	hsa_ires_00474.1|Homo
hsa_ires_00506.1|Homo	hsa_ires_00506.1|Homo
hsa_ires_00538.1|Homo	hsa_ires_00538.1|Homo
hsa_ires_00570.1|Homo	hsa_ires_00570.1|Homo
hsa_ires_00602.1|Homo	hsa_ires_00602.1|Homo
hsa_ires_00602.1|Homo	FMR1|Homo
hsa_ires_00634.1|Homo	hsa_ires_00634.1|Homo
hsa_ires_00666.1|Homo	hsa_ires_00666.1|Homo
hsa_ires_00666.1|Homo	hsa_ires_00667.1|Homo
CM001011.3:39062328-39062167	CM001011.3:39062328-39062167
CM001011.3:39062328-39062167	mouse_hsa_ires_00510.1
CM001011.3:39062328-39062167	mouse_CM000667.2:142697800-142697634
CM001011.3:39062328-39062167	mouse_hsa_ires_00317.1
mouse_hsa_ires_00068.1	mouse_hsa_ires_00068.1
mouse_hsa_ires_00612.1	mouse_hsa_ires_00612.1
mouse_hsa_ires_00612.1	mouse_CM000684.2:39244768-39244141
mouse_hsa_ires_00612.1	mouse_hsa_ires_00200.1
mouse_hsa_ires_00612.1	mouse_PDGF2/c-sis
KX884554.1:5201-5348	KX884554.1:5201-5348
gypsy_env|Drosophila	gypsy_env|Drosophila
gypsy_env|Drosophila	gypsy_env|Drosophila
gypsy_env|Drosophila	gypsy_env|Drosophila
vir_ires_00235.1	vir_ires_00235.1
vir_ires_00354.1	vir_ires_00354.1
vir_ires_00209.1	vir_ires_00209.1
vir_ires_00149.1	vir_ires_00149.1
vir_ires_00374.1	vir_ires_00374.1
vir_ires_00261.1	vir_ires_00261.1
vir_ires_00039.1	vir_ires_00039.1
vir_ires_00039.1	vir_ires_00465.1
vir_ires_00160.1	vir_ires_00160.1
vir_ires_00255.1	vir_ires_00255.1
vir_ires_00490.1	vir_ires_00490.1
vir_ires_00208.1	vir_ires_00208.1
vir_ires_00044.1	vir_ires_00044.1
vir_ires_00124.1	vir_ires_00124.1
vir_ires_00353.1	vir_ires_00353.1
vir_ires_00302.1	vir_ires_00302.1
vir_ires_00441.1	vir_ires_00441.1
vir_ires_00515.1	vir_ires_00515.1
vir_ires_00515.1	vir_ires_00506.1
vir_ires_00515.1	crTMV_IREScp|Crucifer
vir_ires_00515.1	crTMV_IREScp|Crucifer
vir_ires_00515.1	U03387.1:5455-5605
vir_ires_00515.1	crTMV_IREScp|Crucifer
vir_ires_00515.1	crTMV_IREScp|Crucifer
vir_ires_00515.1	crTMV_IREScp|Crucifer
vir_ires_00547.1	vir_ires_00547.1
Pim-1|Homo	Pim-1|Homo
hsa_ires_00027.1|Homo	hsa_ires_00027.1|Homo
hsa_ires_00059.1|Homo	hsa_ires_00059.1|Homo
hsa_ires_00091.1|Homo	hsa_ires_00091.1|Homo
hsa_ires_00123.1|Homo	hsa_ires_00123.1|Homo
hsa_ires_00155.1|Homo	hsa_ires_00155.1|Homo
hsa_ires_00187.1|Homo	hsa_ires_00187.1|Homo
hsa_ires_00219.1|Homo	hsa_ires_00219.1|Homo
hsa_ires_00251.1|Homo	hsa_ires_00251.1|Homo
hsa_ires_00283.1|Homo	hsa_ires_00283.1|Homo
hsa_ires_00315.1|Homo	hsa_ires_00315.1|Homo
hsa_ires_00347.1|Homo	hsa_ires_00347.1|Homo
hsa_ires_00379.1|Homo	hsa_ires_00379.1|Homo
hsa_ires_00411.1|Homo	hsa_ires_00411.1|Homo
hsa_ires_00443.1|Homo	hsa_ires_00443.1|Homo
hsa_ires_00475.1|Homo	hsa_ires_00475.1|Homo
hsa_ires_00507.1|Homo	hsa_ires_00507.1|Homo
hsa_ires_00539.1|Homo	hsa_ires_00539.1|Homo
hsa_ires_00571.1|Homo	hsa_ires_00571.1|Homo
hsa_ires_00635.1|Homo	hsa_ires_00635.1|Homo
mmu_ires_00006.1|Mus	mmu_ires_00006.1|Mus
mouse_hsa_ires_00612.1	mouse_hsa_ires_00612.1
mouse_hsa_ires_00612.1	mouse_CM000684.2:39244768-39244141
mouse_hsa_ires_00612.1	mouse_hsa_ires_00179.1
mouse_hsa_ires_00612.1	mouse_PDGF2/c-sis
mouse_hsa_ires_00612.1	mouse_hsa_ires_00413.1
KX883736.1:5584-5793	KX883736.1:5584-5793
vir_ires_00466.1	vir_ires_00466.1
vir_ires_00466.1	vir_ires_00138.1
vir_ires_00466.1	vir_ires_00288.1
vir_ires_00083.1	vir_ires_00083.1
vir_ires_00120.1	vir_ires_00120.1
vir_ires_00414.1	vir_ires_00414.1
vir_ires_00352.1	vir_ires_00352.1
vir_ires_00115.1	vir_ires_00115.1
vir_ires_00329.1	vir_ires_00329.1
vir_ires_00467.1	vir_ires_00467.1
vir_ires_00152.1	vir_ires_00152.1
vir_ires_00136.1	vir_ires_00136.1
vir_ires_00192.1	vir_ires_00192.1
vir_ires_00503.1	vir_ires_00503.1
vir_ires_00503.1	EV71_1-748|Human
vir_ires_00022.1	vir_ires_00022.1
vir_ires_00022.1	vir_ires_00396.1
vir_ires_00049.1	vir_ires_00049.1
vir_ires_00516.1	vir_ires_00516.1
vir_ires_00548.1	vir_ires_00548.1
BAG1_p36delta236nt|Homo	BAG1_p36delta236nt|Homo
BAG1_p36delta236nt|Homo	hsa_ires_00596.1|Homo
BAG1_p36delta236nt|Homo	BAG1_p36delta236nt|Homo
PITSLRE_p58|Homo	PITSLRE_p58|Homo
PITSLRE_p58|Homo	hsa_ires_00613.1|Homo
hsa_ires_00028.1|Homo	hsa_ires_00028.1|Homo
hsa_ires_00060.1|Homo	hsa_ires_00060.1|Homo
hsa_ires_00092.1|Homo	hsa_ires_00092.1|Homo
hsa_ires_00124.1|Homo	hsa_ires_00124.1|Homo
hsa_ires_00156.1|Homo	hsa_ires_00156.1|Homo
hsa_ires_00188.1|Homo	hsa_ires_00188.1|Homo
hsa_ires_00220.1|Homo	hsa_ires_00220.1|Homo
hsa_ires_00252.1|Homo	hsa_ires_00252.1|Homo
hsa_ires_00284.1|Homo	hsa_ires_00284.1|Homo
hsa_ires_00284.1|Homo	hsa_ires_00146.1|Homo
hsa_ires_00316.1|Homo	hsa_ires_00316.1|Homo
hsa_ires_00348.1|Homo	hsa_ires_00348.1|Homo
hsa_ires_00380.1|Homo	hsa_ires_00380.1|Homo
hsa_ires_00412.1|Homo	hsa_ires_00412.1|Homo
hsa_ires_00444.1|Homo	hsa_ires_00444.1|Homo
hsa_ires_00476.1|Homo	hsa_ires_00476.1|Homo
hsa_ires_00508.1|Homo	hsa_ires_00508.1|Homo
hsa_ires_00540.1|Homo	hsa_ires_00540.1|Homo
hsa_ires_00572.1|Homo	hsa_ires_00572.1|Homo
hsa_ires_00636.1|Homo	hsa_ires_00636.1|Homo
mmu_ires_00007.1|Mus	mmu_ires_00007.1|Mus
mouse_hsa_ires_00551.1	mouse_hsa_ires_00551.1
mouse_hsa_ires_00551.1	mouse_hsa_ires_00453.1
mouse_hsa_ires_00551.1	mouse_hsa_ires_00277.1
mouse_hsa_ires_00453.1	mouse_hsa_ires_00453.1
mouse_hsa_ires_00453.1	mouse_hsa_ires_00551.1
mouse_hsa_ires_00670.1	mouse_hsa_ires_00670.1
KX883290.1:6822-7013	KX883290.1:6822-7013
vir_ires_00089.1	vir_ires_00089.1
vir_ires_00105.1	vir_ires_00105.1
vir_ires_00310.1	vir_ires_00310.1
vir_ires_00130.1	vir_ires_00130.1
vir_ires_00463.1	vir_ires_00463.1
vir_ires_00463.1	vir_ires_00061.1
vir_ires_00057.1	vir_ires_00057.1
vir_ires_00129.1	vir_ires_00129.1
vir_ires_00256.1	vir_ires_00256.1
vir_ires_00411.1	vir_ires_00411.1
vir_ires_00194.1	vir_ires_00194.1
vir_ires_00164.1	vir_ires_00164.1
vir_ires_00480.1	vir_ires_00480.1
vir_ires_00215.1	vir_ires_00215.1
vir_ires_00312.1	vir_ires_00312.1
vir_ires_00045.1	vir_ires_00045.1
vir_ires_00517.1	vir_ires_00517.1
vir_ires_00549.1	vir_ires_00549.1
CM000684.2:39244768-39244141	CM000684.2:39244768-39244141
UNR|Homo	UNR|Homo
hsa_ires_00029.1|Homo	hsa_ires_00029.1|Homo
hsa_ires_00061.1|Homo	hsa_ires_00061.1|Homo
hsa_ires_00093.1|Homo	hsa_ires_00093.1|Homo
hsa_ires_00125.1|Homo	hsa_ires_00125.1|Homo
hsa_ires_00157.1|Homo	hsa_ires_00157.1|Homo
hsa_ires_00189.1|Homo	hsa_ires_00189.1|Homo
hsa_ires_00221.1|Homo	hsa_ires_00221.1|Homo
hsa_ires_00253.1|Homo	hsa_ires_00253.1|Homo
hsa_ires_00285.1|Homo	hsa_ires_00285.1|Homo
hsa_ires_00317.1|Homo	hsa_ires_00317.1|Homo
hsa_ires_00349.1|Homo	hsa_ires_00349.1|Homo
hsa_ires_00381.1|Homo	hsa_ires_00381.1|Homo
hsa_ires_00413.1|Homo	hsa_ires_00413.1|Homo
hsa_ires_00445.1|Homo	hsa_ires_00445.1|Homo
hsa_ires_00477.1|Homo	hsa_ires_00477.1|Homo
hsa_ires_00509.1|Homo	hsa_ires_00509.1|Homo
hsa_ires_00541.1|Homo	hsa_ires_00541.1|Homo
hsa_ires_00573.1|Homo	hsa_ires_00573.1|Homo
hsa_ires_00605.1|Homo	hsa_ires_00605.1|Homo
hsa_ires_00605.1|Homo	hsa_ires_00614.1|Homo
hsa_ires_00637.1|Homo	hsa_ires_00637.1|Homo
hsa_ires_00669.1|Homo	hsa_ires_00669.1|Homo
CM000995.3:107125011-107125270	CM000995.3:107125011-107125270
CM000995.3:107125011-107125270	mouse_CM000673.2:30012935-30012676
mmu_ires_00008.1|Mus	mmu_ires_00008.1|Mus
mouse_hsa_ires_00200.1	mouse_hsa_ires_00200.1
mouse_hsa_ires_00200.1	CM001008.3:79898989-79898383
KX883338.1:5405-5590	KX883338.1:5405-5590
vir_ires_00036.1	vir_ires_00036.1
vir_ires_00494.1	vir_ires_00494.1
vir_ires_00494.1	TSV_IGR|Taura
vir_ires_00315.1	vir_ires_00315.1
vir_ires_00257.1	vir_ires_00257.1
vir_ires_00488.1	vir_ires_00488.1
vir_ires_00488.1	RhPV_5NCR|Rhopalosiphum
vir_ires_00488.1	RhPV_5NCR|Rhopalosiphum
vir_ires_00239.1	vir_ires_00239.1
vir_ires_00035.1	vir_ires_00035.1
vir_ires_00384.1	vir_ires_00384.1
vir_ires_00107.1	vir_ires_00107.1
vir_ires_00299.1	vir_ires_00299.1
vir_ires_00389.1	vir_ires_00389.1
vir_ires_00419.1	vir_ires_00419.1
vir_ires_00075.1	vir_ires_00075.1
vir_ires_00309.1	vir_ires_00309.1
vir_ires_00407.1	vir_ires_00407.1
vir_ires_00518.1	vir_ires_00518.1
vir_ires_00550.1	vir_ires_00550.1
vir_ires_00550.1	vir_ires_00529.1
BiP_-222_-3|Homo	BiP_-222_-3|Homo
BiP_-222_-3|Homo	CM000671.2:125241341-125241094
hsa_ires_00030.1|Homo	hsa_ires_00030.1|Homo
hsa_ires_00062.1|Homo	hsa_ires_00062.1|Homo
hsa_ires_00094.1|Homo	hsa_ires_00094.1|Homo
hsa_ires_00126.1|Homo	hsa_ires_00126.1|Homo
hsa_ires_00158.1|Homo	hsa_ires_00158.1|Homo
hsa_ires_00190.1|Homo	hsa_ires_00190.1|Homo
hsa_ires_00222.1|Homo	hsa_ires_00222.1|Homo
hsa_ires_00254.1|Homo	hsa_ires_00254.1|Homo
hsa_ires_00286.1|Homo	hsa_ires_00286.1|Homo
hsa_ires_00318.1|Homo	hsa_ires_00318.1|Homo
hsa_ires_00350.1|Homo	hsa_ires_00350.1|Homo
hsa_ires_00382.1|Homo	hsa_ires_00382.1|Homo
hsa_ires_00414.1|Homo	hsa_ires_00414.1|Homo
hsa_ires_00446.1|Homo	hsa_ires_00446.1|Homo
hsa_ires_00478.1|Homo	hsa_ires_00478.1|Homo
hsa_ires_00510.1|Homo	hsa_ires_00510.1|Homo
hsa_ires_00542.1|Homo	hsa_ires_00542.1|Homo
hsa_ires_00574.1|Homo	hsa_ires_00574.1|Homo
hsa_ires_00606.1|Homo	hsa_ires_00606.1|Homo
hsa_ires_00606.1|Homo	CM000997.3:122889735-122889956
hsa_ires_00606.1|Homo	mouse_CM000663.2:39902015-39901795
hsa_ires_00606.1|Homo	mouse_hsa_ires_00606.1
hsa_ires_00606.1|Homo	mouse_CM000663.2:38708708-38708962
hsa_ires_00606.1|Homo	CM000663.2:39902015-39901795
hsa_ires_00638.1|Homo	hsa_ires_00638.1|Homo
hsa_ires_00670.1|Homo	hsa_ires_00670.1|Homo
CM001000.3:142214878-142214758	CM001000.3:142214878-142214758
CM001000.3:142214878-142214758	CM000673.2:2141059-2140939
mmu_ires_00010.1|Mus	mmu_ires_00010.1|Mus
mouse_hsa_ires_00052.1	mouse_hsa_ires_00052.1
KX883654.1:5717-5927	KX883654.1:5717-5927
vir_ires_00025.1	vir_ires_00025.1
vir_ires_00392.1	vir_ires_00392.1
vir_ires_00276.1	vir_ires_00276.1
vir_ires_00187.1	vir_ires_00187.1
vir_ires_00397.1	vir_ires_00397.1
vir_ires_00398.1	vir_ires_00398.1
vir_ires_00333.1	vir_ires_00333.1
vir_ires_00289.1	vir_ires_00289.1
vir_ires_00182.1	vir_ires_00182.1
vir_ires_00182.1	vir_ires_00063.1
vir_ires_00250.1	vir_ires_00250.1
vir_ires_00175.1	vir_ires_00175.1
vir_ires_00004.1	vir_ires_00004.1
vir_ires_00259.1	vir_ires_00259.1
vir_ires_00282.1	vir_ires_00282.1
vir_ires_00368.1	vir_ires_00368.1
vir_ires_00519.1	vir_ires_00519.1
vir_ires_00519.1	EMCV-R|Encephalomyocarditis
vir_ires_00551.1	vir_ires_00551.1
XIAP_5-464|Homo	XIAP_5-464|Homo
XIAP_5-464|Homo	XIAP_5-464|Homo
hsa_ires_00031.1|Homo	hsa_ires_00031.1|Homo
hsa_ires_00063.1|Homo	hsa_ires_00063.1|Homo
hsa_ires_00095.1|Homo	hsa_ires_00095.1|Homo
hsa_ires_00127.1|Homo	hsa_ires_00127.1|Homo
hsa_ires_00159.1|Homo	hsa_ires_00159.1|Homo
hsa_ires_00191.1|Homo	hsa_ires_00191.1|Homo
hsa_ires_00223.1|Homo	hsa_ires_00223.1|Homo
hsa_ires_00255.1|Homo	hsa_ires_00255.1|Homo
hsa_ires_00287.1|Homo	hsa_ires_00287.1|Homo
hsa_ires_00319.1|Homo	hsa_ires_00319.1|Homo
hsa_ires_00351.1|Homo	hsa_ires_00351.1|Homo
hsa_ires_00383.1|Homo	hsa_ires_00383.1|Homo
hsa_ires_00415.1|Homo	hsa_ires_00415.1|Homo
hsa_ires_00447.1|Homo	hsa_ires_00447.1|Homo
hsa_ires_00479.1|Homo	hsa_ires_00479.1|Homo
hsa_ires_00511.1|Homo	hsa_ires_00511.1|Homo
hsa_ires_00543.1|Homo	hsa_ires_00543.1|Homo
hsa_ires_00575.1|Homo	hsa_ires_00575.1|Homo
hsa_ires_00639.1|Homo	hsa_ires_00639.1|Homo
hsa_ires_00639.1|Homo	CM000664.2:177264659-177264532
hsa_ires_00671.1|Homo	hsa_ires_00671.1|Homo
mmu_ires_00011.1|Mus	mmu_ires_00011.1|Mus
mouse_hsa_ires_00276.1	mouse_hsa_ires_00276.1
mouse_hsa_ires_00560.1	mouse_hsa_ires_00560.1
mouse_hsa_ires_00031.1	mouse_hsa_ires_00031.1
vir_ires_00376.1	vir_ires_00376.1
vir_ires_00311.1	vir_ires_00311.1
vir_ires_00355.1	vir_ires_00355.1
vir_ires_00434.1	vir_ires_00434.1
vir_ires_00306.1	vir_ires_00306.1
vir_ires_00041.1	vir_ires_00041.1
vir_ires_00473.1	vir_ires_00473.1
vir_ires_00321.1	vir_ires_00321.1
vir_ires_00248.1	vir_ires_00248.1
vir_ires_00082.1	vir_ires_00082.1
vir_ires_00097.1	vir_ires_00097.1
vir_ires_00097.1	vir_ires_00038.1
vir_ires_00090.1	vir_ires_00090.1
vir_ires_00416.1	vir_ires_00416.1
vir_ires_00265.1	vir_ires_00265.1
vir_ires_00493.1	vir_ires_00493.1
vir_ires_00520.1	vir_ires_00520.1
vir_ires_00552.1	vir_ires_00552.1
CM000666.2:122826680-122827177	CM000666.2:122826680-122827177
c-IAP1_285-1399|Homo	c-IAP1_285-1399|Homo
c-IAP1_285-1399|Homo	c-IAP1_285-1399|Homo
hsa_ires_00000.1|Homo	hsa_ires_00000.1|Homo
hsa_ires_00032.1|Homo	hsa_ires_00032.1|Homo
hsa_ires_00064.1|Homo	hsa_ires_00064.1|Homo
hsa_ires_00096.1|Homo	hsa_ires_00096.1|Homo
hsa_ires_00128.1|Homo	hsa_ires_00128.1|Homo
hsa_ires_00160.1|Homo	hsa_ires_00160.1|Homo
hsa_ires_00192.1|Homo	hsa_ires_00192.1|Homo
hsa_ires_00224.1|Homo	hsa_ires_00224.1|Homo
hsa_ires_00256.1|Homo	hsa_ires_00256.1|Homo
hsa_ires_00288.1|Homo	hsa_ires_00288.1|Homo
hsa_ires_00320.1|Homo	hsa_ires_00320.1|Homo
hsa_ires_00352.1|Homo	hsa_ires_00352.1|Homo
hsa_ires_00384.1|Homo	hsa_ires_00384.1|Homo
hsa_ires_00416.1|Homo	hsa_ires_00416.1|Homo
hsa_ires_00448.1|Homo	hsa_ires_00448.1|Homo
hsa_ires_00480.1|Homo	hsa_ires_00480.1|Homo
hsa_ires_00512.1|Homo	hsa_ires_00512.1|Homo
hsa_ires_00544.1|Homo	hsa_ires_00544.1|Homo
hsa_ires_00576.1|Homo	hsa_ires_00576.1|Homo
hsa_ires_00608.1|Homo	hsa_ires_00608.1|Homo
hsa_ires_00640.1|Homo	hsa_ires_00640.1|Homo
mouse_hsa_ires_00128.1	mouse_hsa_ires_00128.1
mouse_hsa_ires_00128.1	mouse_hsa_ires_00130.1
mouse_hsa_ires_00175.1	mouse_hsa_ires_00175.1
ABPV_IGRpred|Acute	ABPV_IGRpred|Acute
ABPV_IGRpred|Acute	vir_ires_00510.1
HIV-1|Human	HIV-1|Human
HIV-1|Human	vir_ires_00470.1
vir_ires_00018.1	vir_ires_00018.1
vir_ires_00074.1	vir_ires_00074.1
vir_ires_00012.1	vir_ires_00012.1
vir_ires_00337.1	vir_ires_00337.1
vir_ires_00477.1	vir_ires_00477.1
vir_ires_00477.1	SV40_661-830|Simian
vir_ires_00140.1	vir_ires_00140.1
vir_ires_00489.1	vir_ires_00489.1
vir_ires_00279.1	vir_ires_00279.1
vir_ires_00242.1	vir_ires_00242.1
vir_ires_00274.1	vir_ires_00274.1
vir_ires_00388.1	vir_ires_00388.1
vir_ires_00098.1	vir_ires_00098.1
vir_ires_00078.1	vir_ires_00078.1
vir_ires_00143.1	vir_ires_00143.1
vir_ires_00504.1	vir_ires_00504.1
vir_ires_00000.1	vir_ires_00000.1
vir_ires_00521.1	vir_ires_00521.1
vir_ires_00553.1	vir_ires_00553.1
CM000685.2:38479154-38479285	CM000685.2:38479154-38479285
hsa_ires_00001.1|Homo	hsa_ires_00001.1|Homo
hsa_ires_00033.1|Homo	hsa_ires_00033.1|Homo
hsa_ires_00065.1|Homo	hsa_ires_00065.1|Homo
hsa_ires_00097.1|Homo	hsa_ires_00097.1|Homo
hsa_ires_00129.1|Homo	hsa_ires_00129.1|Homo
hsa_ires_00161.1|Homo	hsa_ires_00161.1|Homo
hsa_ires_00193.1|Homo	hsa_ires_00193.1|Homo
hsa_ires_00225.1|Homo	hsa_ires_00225.1|Homo
hsa_ires_00257.1|Homo	hsa_ires_00257.1|Homo
hsa_ires_00289.1|Homo	hsa_ires_00289.1|Homo
hsa_ires_00321.1|Homo	hsa_ires_00321.1|Homo
hsa_ires_00353.1|Homo	hsa_ires_00353.1|Homo
hsa_ires_00385.1|Homo	hsa_ires_00385.1|Homo
hsa_ires_00417.1|Homo	hsa_ires_00417.1|Homo
hsa_ires_00449.1|Homo	hsa_ires_00449.1|Homo
hsa_ires_00481.1|Homo	hsa_ires_00481.1|Homo
hsa_ires_00513.1|Homo	hsa_ires_00513.1|Homo
hsa_ires_00545.1|Homo	hsa_ires_00545.1|Homo
hsa_ires_00577.1|Homo	hsa_ires_00577.1|Homo
hsa_ires_00609.1|Homo	hsa_ires_00609.1|Homo
hsa_ires_00609.1|Homo	MTG8a|Homo
hsa_ires_00641.1|Homo	hsa_ires_00641.1|Homo
hsa_ires_00641.1|Homo	CM000682.2:54173977-54173577
hsa_ires_00673.1|Homo	hsa_ires_00673.1|Homo
CM001003.3:56253427-56253630	CM001003.3:56253427-56253630
CM001003.3:56253427-56253630	mouse_CM000668.2:121435649-121435848
CM001003.3:56253427-56253630	mmu_ires_00012.1|Mus
mouse_hsa_ires_00373.1	mouse_hsa_ires_00373.1
mouse_hsa_ires_00373.1	mouse_hsa_ires_00118.1
mouse_hsa_ires_00373.1	mouse_hsa_ires_00509.1
mouse_hsa_ires_00350.1	mouse_hsa_ires_00350.1
mouse_hsa_ires_00562.1	mouse_hsa_ires_00562.1
AEV|Avian	AEV|Avian
vir_ires_00482.1	vir_ires_00482.1
vir_ires_00482.1	HAV_HM175|Human
vir_ires_00482.1	M14707.1:166-737
vir_ires_00204.1	vir_ires_00204.1
vir_ires_00230.1	vir_ires_00230.1
vir_ires_00381.1	vir_ires_00381.1
vir_ires_00386.1	vir_ires_00386.1
vir_ires_00386.1	vir_ires_00439.1
vir_ires_00116.1	vir_ires_00116.1
vir_ires_00454.1	vir_ires_00454.1
vir_ires_00216.1	vir_ires_00216.1
vir_ires_00042.1	vir_ires_00042.1
vir_ires_00106.1	vir_ires_00106.1
vir_ires_00232.1	vir_ires_00232.1
vir_ires_00364.1	vir_ires_00364.1
vir_ires_00178.1	vir_ires_00178.1
vir_ires_00141.1	vir_ires_00141.1
vir_ires_00522.1	vir_ires_00522.1
CM000664.2:15941768-15942091	CM000664.2:15941768-15942091
CCND1|Homo	CCND1|Homo
hsa_ires_00002.1|Homo	hsa_ires_00002.1|Homo
hsa_ires_00034.1|Homo	hsa_ires_00034.1|Homo
hsa_ires_00066.1|Homo	hsa_ires_00066.1|Homo
hsa_ires_00098.1|Homo	hsa_ires_00098.1|Homo
hsa_ires_00130.1|Homo	hsa_ires_00130.1|Homo
hsa_ires_00162.1|Homo	hsa_ires_00162.1|Homo
hsa_ires_00194.1|Homo	hsa_ires_00194.1|Homo
hsa_ires_00226.1|Homo	hsa_ires_00226.1|Homo
hsa_ires_00258.1|Homo	hsa_ires_00258.1|Homo
hsa_ires_00290.1|Homo	hsa_ires_00290.1|Homo
hsa_ires_00322.1|Homo	hsa_ires_00322.1|Homo
hsa_ires_00354.1|Homo	hsa_ires_00354.1|Homo
hsa_ires_00386.1|Homo	hsa_ires_00386.1|Homo
hsa_ires_00418.1|Homo	hsa_ires_00418.1|Homo
hsa_ires_00450.1|Homo	hsa_ires_00450.1|Homo
hsa_ires_00482.1|Homo	hsa_ires_00482.1|Homo
hsa_ires_00514.1|Homo	hsa_ires_00514.1|Homo
hsa_ires_00546.1|Homo	hsa_ires_00546.1|Homo
hsa_ires_00578.1|Homo	hsa_ires_00578.1|Homo
hsa_ires_00610.1|Homo	hsa_ires_00610.1|Homo
hsa_ires_00610.1|Homo	MYB|Homo
hsa_ires_00642.1|Homo	hsa_ires_00642.1|Homo
hsa_ires_00674.1|Homo	hsa_ires_00674.1|Homo
CM001013.3:5381376-5381052	CM001013.3:5381376-5381052
mmu_ires_00014.1|Mus	mmu_ires_00014.1|Mus
mouse_c-myc	mouse_c-myc
mouse_c-myc	CM001008.3:61857412-61857722
mouse_c-myc	mouse_hsa_ires_00598.1
HRV-2|Human	HRV-2|Human
vir_ires_00111.1	vir_ires_00111.1
vir_ires_00123.1	vir_ires_00123.1
vir_ires_00445.1	vir_ires_00445.1
vir_ires_00436.1	vir_ires_00436.1
vir_ires_00436.1	vir_ires_00383.1
vir_ires_00125.1	vir_ires_00125.1
vir_ires_00308.1	vir_ires_00308.1
vir_ires_00053.1	vir_ires_00053.1
vir_ires_00272.1	vir_ires_00272.1
vir_ires_00403.1	vir_ires_00403.1
vir_ires_00435.1	vir_ires_00435.1
vir_ires_00460.1	vir_ires_00460.1
vir_ires_00451.1	vir_ires_00451.1
vir_ires_00451.1	vir_ires_00387.1
vir_ires_00212.1	vir_ires_00212.1
vir_ires_00010.1	vir_ires_00010.1
vir_ires_00073.1	vir_ires_00073.1
CM000664.2:15940568-15940760	CM000664.2:15940568-15940760
DAP5|Homo	DAP5|Homo
hsa_ires_00003.1|Homo	hsa_ires_00003.1|Homo
hsa_ires_00035.1|Homo	hsa_ires_00035.1|Homo
hsa_ires_00067.1|Homo	hsa_ires_00067.1|Homo
hsa_ires_00099.1|Homo	hsa_ires_00099.1|Homo
hsa_ires_00131.1|Homo	hsa_ires_00131.1|Homo
hsa_ires_00163.1|Homo	hsa_ires_00163.1|Homo
hsa_ires_00195.1|Homo	hsa_ires_00195.1|Homo
hsa_ires_00227.1|Homo	hsa_ires_00227.1|Homo
hsa_ires_00259.1|Homo	hsa_ires_00259.1|Homo
hsa_ires_00291.1|Homo	hsa_ires_00291.1|Homo
hsa_ires_00323.1|Homo	hsa_ires_00323.1|Homo
hsa_ires_00355.1|Homo	hsa_ires_00355.1|Homo
hsa_ires_00387.1|Homo	hsa_ires_00387.1|Homo
hsa_ires_00419.1|Homo	hsa_ires_00419.1|Homo
hsa_ires_00451.1|Homo	hsa_ires_00451.1|Homo
hsa_ires_00483.1|Homo	hsa_ires_00483.1|Homo
hsa_ires_00515.1|Homo	hsa_ires_00515.1|Homo
hsa_ires_00547.1|Homo	hsa_ires_00547.1|Homo
hsa_ires_00579.1|Homo	hsa_ires_00579.1|Homo
hsa_ires_00643.1|Homo	hsa_ires_00643.1|Homo
hsa_ires_00675.1|Homo	hsa_ires_00675.1|Homo
CM001005.3:12991823-12991620	CM001005.3:12991823-12991620
CM001005.3:12991823-12991620	mouse_hsa_ires_00341.1
mmu_ires_00015.1|Mus	mmu_ires_00015.1|Mus
mmu_ires_00015.1|Mus	Gtx-133-141|Mus
mmu_ires_00015.1|Mus	Gtx-133-141|Mus
mmu_ires_00015.1|Mus	Gtx-133-141|Mus
mmu_ires_00015.1|Mus	Gtx-133-141|Mus
mouse_hsa_ires_00491.1	mouse_hsa_ires_00491.1
mouse_hsa_ires_00639.1	mouse_hsa_ires_00639.1
mouse_hsa_ires_00639.1	CM000995.3:75534824-75534708
mouse_CM000676.2:61695528-61695807	mouse_CM000676.2:61695528-61695807
BQCV_IGRpred|Black	BQCV_IGRpred|Black
BQCV_IGRpred|Black	vir_ires_00492.1
vir_ires_00189.1	vir_ires_00189.1
vir_ires_00410.1	vir_ires_00410.1
vir_ires_00007.1	vir_ires_00007.1
vir_ires_00254.1	vir_ires_00254.1
vir_ires_00199.1	vir_ires_00199.1
vir_ires_00304.1	vir_ires_00304.1
vir_ires_00459.1	vir_ires_00459.1
vir_ires_00148.1	vir_ires_00148.1
vir_ires_00170.1	vir_ires_00170.1
vir_ires_00406.1	vir_ires_00406.1
vir_ires_00002.1	vir_ires_00002.1
vir_ires_00251.1	vir_ires_00251.1
vir_ires_00201.1	vir_ires_00201.1
vir_ires_00483.1	vir_ires_00483.1
vir_ires_00483.1	ERBV_162-920|Equine
vir_ires_00380.1	vir_ires_00380.1
vir_ires_00380.1	vir_ires_00409.1
vir_ires_00524.1	vir_ires_00524.1
CM000666.2:164188235-164188416	CM000666.2:164188235-164188416
eIF4G|Homo	eIF4G|Homo
hsa_ires_00004.1|Homo	hsa_ires_00004.1|Homo
hsa_ires_00036.1|Homo	hsa_ires_00036.1|Homo
hsa_ires_00068.1|Homo	hsa_ires_00068.1|Homo
hsa_ires_00100.1|Homo	hsa_ires_00100.1|Homo
hsa_ires_00132.1|Homo	hsa_ires_00132.1|Homo
hsa_ires_00164.1|Homo	hsa_ires_00164.1|Homo
hsa_ires_00196.1|Homo	hsa_ires_00196.1|Homo
hsa_ires_00228.1|Homo	hsa_ires_00228.1|Homo
hsa_ires_00260.1|Homo	hsa_ires_00260.1|Homo
hsa_ires_00292.1|Homo	hsa_ires_00292.1|Homo
hsa_ires_00324.1|Homo	hsa_ires_00324.1|Homo
hsa_ires_00356.1|Homo	hsa_ires_00356.1|Homo
hsa_ires_00388.1|Homo	hsa_ires_00388.1|Homo
hsa_ires_00420.1|Homo	hsa_ires_00420.1|Homo
hsa_ires_00452.1|Homo	hsa_ires_00452.1|Homo
hsa_ires_00484.1|Homo	hsa_ires_00484.1|Homo
hsa_ires_00516.1|Homo	hsa_ires_00516.1|Homo
hsa_ires_00548.1|Homo	hsa_ires_00548.1|Homo
hsa_ires_00612.1|Homo	hsa_ires_00612.1|Homo
hsa_ires_00644.1|Homo	hsa_ires_00644.1|Homo
hsa_ires_00676.1|Homo	hsa_ires_00676.1|Homo
mmu_ires_00016.1|Mus	mmu_ires_00016.1|Mus
mouse_hsa_ires_00042.1	mouse_hsa_ires_00042.1
mouse_hsa_ires_00042.1	mouse_hsa_ires_00009.1
mouse_hsa_ires_00486.1	mouse_hsa_ires_00486.1
idefix|Drosophila	idefix|Drosophila
vir_ires_00069.1	vir_ires_00069.1
vir_ires_00046.1	vir_ires_00046.1
vir_ires_00015.1	vir_ires_00015.1
vir_ires_00236.1	vir_ires_00236.1
vir_ires_00177.1	vir_ires_00177.1
vir_ires_00206.1	vir_ires_00206.1
vir_ires_00048.1	vir_ires_00048.1
vir_ires_00144.1	vir_ires_00144.1
vir_ires_00457.1	vir_ires_00457.1
vir_ires_00262.1	vir_ires_00262.1
vir_ires_00481.1	vir_ires_00481.1
vir_ires_00481.1	M81861.1:374-830
vir_ires_00003.1	vir_ires_00003.1
vir_ires_00003.1	vir_ires_00442.1
vir_ires_00200.1	vir_ires_00200.1
vir_ires_00150.1	vir_ires_00150.1
vir_ires_00525.1	vir_ires_00525.1
eIF4GI-ext|Homo	eIF4GI-ext|Homo
hsa_ires_00005.1|Homo	hsa_ires_00005.1|Homo
hsa_ires_00037.1|Homo	hsa_ires_00037.1|Homo
hsa_ires_00069.1|Homo	hsa_ires_00069.1|Homo
hsa_ires_00101.1|Homo	hsa_ires_00101.1|Homo
hsa_ires_00133.1|Homo	hsa_ires_00133.1|Homo
hsa_ires_00165.1|Homo	hsa_ires_00165.1|Homo
hsa_ires_00197.1|Homo	hsa_ires_00197.1|Homo
hsa_ires_00229.1|Homo	hsa_ires_00229.1|Homo
hsa_ires_00261.1|Homo	hsa_ires_00261.1|Homo
hsa_ires_00293.1|Homo	hsa_ires_00293.1|Homo
hsa_ires_00325.1|Homo	hsa_ires_00325.1|Homo
hsa_ires_00357.1|Homo	hsa_ires_00357.1|Homo
hsa_ires_00389.1|Homo	hsa_ires_00389.1|Homo
hsa_ires_00421.1|Homo	hsa_ires_00421.1|Homo
hsa_ires_00453.1|Homo	hsa_ires_00453.1|Homo
hsa_ires_00485.1|Homo	hsa_ires_00485.1|Homo
hsa_ires_00517.1|Homo	hsa_ires_00517.1|Homo
hsa_ires_00549.1|Homo	hsa_ires_00549.1|Homo
hsa_ires_00581.1|Homo	hsa_ires_00581.1|Homo
hsa_ires_00645.1|Homo	hsa_ires_00645.1|Homo
hsa_ires_00677.1|Homo	hsa_ires_00677.1|Homo
mmu_ires_00017.1|Mus	mmu_ires_00017.1|Mus
mmu_ires_00017.1|Mus	Rbm3|Mus
KBV_IGRpred|Kashmir	KBV_IGRpred|Kashmir
KBV_IGRpred|Kashmir	vir_ires_00513.1
vir_ires_00293.1	vir_ires_00293.1
vir_ires_00195.1	vir_ires_00195.1
vir_ires_00357.1	vir_ires_00357.1
vir_ires_00426.1	vir_ires_00426.1
vir_ires_00461.1	vir_ires_00461.1
vir_ires_00327.1	vir_ires_00327.1
vir_ires_00188.1	vir_ires_00188.1
vir_ires_00404.1	vir_ires_00404.1
vir_ires_00145.1	vir_ires_00145.1
vir_ires_00456.1	vir_ires_00456.1
vir_ires_00456.1	vir_ires_00455.1
vir_ires_00295.1	vir_ires_00295.1
vir_ires_00118.1	vir_ires_00118.1
vir_ires_00198.1	vir_ires_00198.1
vir_ires_00218.1	vir_ires_00218.1
vir_ires_00431.1	vir_ires_00431.1
vir_ires_00526.1	vir_ires_00526.1
eIF4GII|Homo	eIF4GII|Homo
hsa_ires_00006.1|Homo	hsa_ires_00006.1|Homo
hsa_ires_00038.1|Homo	hsa_ires_00038.1|Homo
hsa_ires_00070.1|Homo	hsa_ires_00070.1|Homo
hsa_ires_00102.1|Homo	hsa_ires_00102.1|Homo
hsa_ires_00134.1|Homo	hsa_ires_00134.1|Homo
hsa_ires_00166.1|Homo	hsa_ires_00166.1|Homo
hsa_ires_00198.1|Homo	hsa_ires_00198.1|Homo
hsa_ires_00230.1|Homo	hsa_ires_00230.1|Homo
hsa_ires_00262.1|Homo	hsa_ires_00262.1|Homo
hsa_ires_00294.1|Homo	hsa_ires_00294.1|Homo
hsa_ires_00326.1|Homo	hsa_ires_00326.1|Homo
hsa_ires_00358.1|Homo	hsa_ires_00358.1|Homo
hsa_ires_00390.1|Homo	hsa_ires_00390.1|Homo
hsa_ires_00422.1|Homo	hsa_ires_00422.1|Homo
hsa_ires_00454.1|Homo	hsa_ires_00454.1|Homo
hsa_ires_00486.1|Homo	hsa_ires_00486.1|Homo
hsa_ires_00518.1|Homo	hsa_ires_00518.1|Homo
hsa_ires_00550.1|Homo	hsa_ires_00550.1|Homo
hsa_ires_00582.1|Homo	hsa_ires_00582.1|Homo
hsa_ires_00582.1|Homo	p53_128-269|Homo
hsa_ires_00646.1|Homo	hsa_ires_00646.1|Homo
hsa_ires_00678.1|Homo	hsa_ires_00678.1|Homo
Apaf-1|Mus	Apaf-1|Mus
mmu_ires_00018.1|Mus	mmu_ires_00018.1|Mus
mouse_hsa_ires_00599.1	mouse_hsa_ires_00599.1
AF009606.1:2-354	AF009606.1:2-354
AF009606.1:2-354	HCV_type_1a|Hepatitis
LINE-1_ORF1_-101_to_-1|Mus	LINE-1_ORF1_-101_to_-1|Mus
LINE-1_ORF1_-101_to_-1|Mus	LINE-1_ORF1_-101_to_-1|Mus
LINE-1_ORF1_-101_to_-1|Mus	LINE-1_ORF1_-101_to_-1|Mus
LINE-1_ORF1_-101_to_-1|Mus	LINE-1_ORF1_-101_to_-1|Mus
vir_ires_00165.1	vir_ires_00165.1
vir_ires_00190.1	vir_ires_00190.1
vir_ires_00300.1	vir_ires_00300.1
vir_ires_00226.1	vir_ires_00226.1
vir_ires_00319.1	vir_ires_00319.1
vir_ires_00400.1	vir_ires_00400.1
vir_ires_00307.1	vir_ires_00307.1
vir_ires_00066.1	vir_ires_00066.1
vir_ires_00066.1	vir_ires_00438.1
vir_ires_00344.1	vir_ires_00344.1
vir_ires_00180.1	vir_ires_00180.1
vir_ires_00350.1	vir_ires_00350.1
vir_ires_00185.1	vir_ires_00185.1
vir_ires_00263.1	vir_ires_00263.1
vir_ires_00100.1	vir_ires_00100.1
vir_ires_00100.1	vir_ires_00433.1
vir_ires_00087.1	vir_ires_00087.1
vir_ires_00527.1	vir_ires_00527.1
CM000669.2:129028750-129028891	CM000669.2:129028750-129028891
eIF4GII-long|Homo	eIF4GII-long|Homo
hsa_ires_00007.1|Homo	hsa_ires_00007.1|Homo
hsa_ires_00039.1|Homo	hsa_ires_00039.1|Homo
hsa_ires_00071.1|Homo	hsa_ires_00071.1|Homo
hsa_ires_00103.1|Homo	hsa_ires_00103.1|Homo
hsa_ires_00135.1|Homo	hsa_ires_00135.1|Homo
hsa_ires_00167.1|Homo	hsa_ires_00167.1|Homo
hsa_ires_00199.1|Homo	hsa_ires_00199.1|Homo
hsa_ires_00231.1|Homo	hsa_ires_00231.1|Homo
hsa_ires_00263.1|Homo	hsa_ires_00263.1|Homo
hsa_ires_00295.1|Homo	hsa_ires_00295.1|Homo
hsa_ires_00327.1|Homo	hsa_ires_00327.1|Homo
hsa_ires_00359.1|Homo	hsa_ires_00359.1|Homo
hsa_ires_00391.1|Homo	hsa_ires_00391.1|Homo
hsa_ires_00423.1|Homo	hsa_ires_00423.1|Homo
hsa_ires_00455.1|Homo	hsa_ires_00455.1|Homo
hsa_ires_00487.1|Homo	hsa_ires_00487.1|Homo
hsa_ires_00519.1|Homo	hsa_ires_00519.1|Homo
hsa_ires_00551.1|Homo	hsa_ires_00551.1|Homo
hsa_ires_00583.1|Homo	hsa_ires_00583.1|Homo
hsa_ires_00615.1|Homo	hsa_ires_00615.1|Homo
hsa_ires_00647.1|Homo	hsa_ires_00647.1|Homo
hsa_ires_00679.1|Homo	hsa_ires_00679.1|Homo
mmu_ires_00019.1|Mus	mmu_ires_00019.1|Mus
mouse_hsa_ires_00347.1	mouse_hsa_ires_00347.1
mouse_hsa_ires_00315.1	mouse_hsa_ires_00315.1
AF308157.1:595-1057	AF308157.1:595-1057
CrPV_5NCR|Cricket	CrPV_5NCR|Cricket
CrPV_5NCR|Cricket	CrPV_5NCR|Cricket
vir_ires_00238.1	vir_ires_00238.1
vir_ires_00284.1	vir_ires_00284.1
vir_ires_00052.1	vir_ires_00052.1
vir_ires_00139.1	vir_ires_00139.1
vir_ires_00225.1	vir_ires_00225.1
vir_ires_00142.1	vir_ires_00142.1
vir_ires_00458.1	vir_ires_00458.1
vir_ires_00079.1	vir_ires_00079.1
vir_ires_00113.1	vir_ires_00113.1
vir_ires_00292.1	vir_ires_00292.1
vir_ires_00413.1	vir_ires_00413.1
vir_ires_00330.1	vir_ires_00330.1
vir_ires_00174.1	vir_ires_00174.1
vir_ires_00172.1	vir_ires_00172.1
vir_ires_00108.1	vir_ires_00108.1
vir_ires_00320.1	vir_ires_00320.1
vir_ires_00528.1	vir_ires_00528.1
ELG1|Homo	ELG1|Homo
ELG1|Homo	hsa_ires_00619.1|Homo
hsa_ires_00008.1|Homo	hsa_ires_00008.1|Homo
hsa_ires_00040.1|Homo	hsa_ires_00040.1|Homo
hsa_ires_00072.1|Homo	hsa_ires_00072.1|Homo
hsa_ires_00104.1|Homo	hsa_ires_00104.1|Homo
hsa_ires_00136.1|Homo	hsa_ires_00136.1|Homo
hsa_ires_00168.1|Homo	hsa_ires_00168.1|Homo
hsa_ires_00200.1|Homo	hsa_ires_00200.1|Homo
hsa_ires_00232.1|Homo	hsa_ires_00232.1|Homo
hsa_ires_00264.1|Homo	hsa_ires_00264.1|Homo
hsa_ires_00296.1|Homo	hsa_ires_00296.1|Homo
hsa_ires_00328.1|Homo	hsa_ires_00328.1|Homo
hsa_ires_00360.1|Homo	hsa_ires_00360.1|Homo
hsa_ires_00392.1|Homo	hsa_ires_00392.1|Homo
hsa_ires_00424.1|Homo	hsa_ires_00424.1|Homo
hsa_ires_00456.1|Homo	hsa_ires_00456.1|Homo
hsa_ires_00488.1|Homo	hsa_ires_00488.1|Homo
hsa_ires_00520.1|Homo	hsa_ires_00520.1|Homo
hsa_ires_00552.1|Homo	hsa_ires_00552.1|Homo
hsa_ires_00584.1|Homo	hsa_ires_00584.1|Homo
hsa_ires_00616.1|Homo	hsa_ires_00616.1|Homo
hsa_ires_00616.1|Homo	CM000668.2:43770953-43771261
hsa_ires_00648.1|Homo	hsa_ires_00648.1|Homo
hsa_ires_00680.1|Homo	hsa_ires_00680.1|Homo
mmu_ires_00020.1|Mus	mmu_ires_00020.1|Mus
X96871.1:402-893	X96871.1:402-893
vir_ires_00181.1	vir_ires_00181.1
vir_ires_00181.1	vir_ires_00058.1
vir_ires_00056.1	vir_ires_00056.1
vir_ires_00449.1	vir_ires_00449.1
vir_ires_00449.1	vir_ires_00385.1
vir_ires_00509.1	vir_ires_00509.1
vir_ires_00065.1	vir_ires_00065.1
vir_ires_00273.1	vir_ires_00273.1
vir_ires_00278.1	vir_ires_00278.1
vir_ires_00336.1	vir_ires_00336.1
vir_ires_00091.1	vir_ires_00091.1
vir_ires_00348.1	vir_ires_00348.1
vir_ires_00348.1	IAPV_IGRpred|Israel
vir_ires_00220.1	vir_ires_00220.1
vir_ires_00202.1	vir_ires_00202.1
vir_ires_00452.1	vir_ires_00452.1
vir_ires_00452.1	vir_ires_00028.1
vir_ires_00249.1	vir_ires_00249.1
vir_ires_00122.1	vir_ires_00122.1
CM000667.2:109052656-109052458	CM000667.2:109052656-109052458
CM000667.2:109052656-109052458	CM000668.2:121435649-121435848
FGF1A|Homo	FGF1A|Homo
hsa_ires_00009.1|Homo	hsa_ires_00009.1|Homo
hsa_ires_00041.1|Homo	hsa_ires_00041.1|Homo
hsa_ires_00073.1|Homo	hsa_ires_00073.1|Homo
hsa_ires_00105.1|Homo	hsa_ires_00105.1|Homo
hsa_ires_00137.1|Homo	hsa_ires_00137.1|Homo
hsa_ires_00169.1|Homo	hsa_ires_00169.1|Homo
hsa_ires_00201.1|Homo	hsa_ires_00201.1|Homo
hsa_ires_00233.1|Homo	hsa_ires_00233.1|Homo
hsa_ires_00265.1|Homo	hsa_ires_00265.1|Homo
hsa_ires_00297.1|Homo	hsa_ires_00297.1|Homo
hsa_ires_00329.1|Homo	hsa_ires_00329.1|Homo
hsa_ires_00361.1|Homo	hsa_ires_00361.1|Homo
hsa_ires_00393.1|Homo	hsa_ires_00393.1|Homo
hsa_ires_00425.1|Homo	hsa_ires_00425.1|Homo
hsa_ires_00457.1|Homo	hsa_ires_00457.1|Homo
hsa_ires_00489.1|Homo	hsa_ires_00489.1|Homo
hsa_ires_00521.1|Homo	hsa_ires_00521.1|Homo
hsa_ires_00553.1|Homo	hsa_ires_00553.1|Homo
hsa_ires_00585.1|Homo	hsa_ires_00585.1|Homo
hsa_ires_00617.1|Homo	hsa_ires_00617.1|Homo
hsa_ires_00649.1|Homo	hsa_ires_00649.1|Homo
hsa_ires_00681.1|Homo	hsa_ires_00681.1|Homo
mmu_ires_00021.1|Mus	mmu_ires_00021.1|Mus
AF218039.1:6028-6223	AF218039.1:6028-6223
AF218039.1:6028-6223	vir_ires_00474.1
vir_ires_00335.1	vir_ires_00335.1
vir_ires_00475.1	vir_ires_00475.1
vir_ires_00371.1	vir_ires_00371.1
vir_ires_00372.1	vir_ires_00372.1
vir_ires_00324.1	vir_ires_00324.1
vir_ires_00427.1	vir_ires_00427.1
vir_ires_00393.1	vir_ires_00393.1
vir_ires_00472.1	vir_ires_00472.1
vir_ires_00472.1	CSFV|Classical
vir_ires_00211.1	vir_ires_00211.1
vir_ires_00471.1	vir_ires_00471.1
vir_ires_00099.1	vir_ires_00099.1
vir_ires_00402.1	vir_ires_00402.1
vir_ires_00401.1	vir_ires_00401.1
vir_ires_00205.1	vir_ires_00205.1
vir_ires_00286.1	vir_ires_00286.1
vir_ires_00530.1	vir_ires_00530.1
hsa_ires_00010.1|Homo	hsa_ires_00010.1|Homo
hsa_ires_00042.1|Homo	hsa_ires_00042.1|Homo
hsa_ires_00074.1|Homo	hsa_ires_00074.1|Homo
hsa_ires_00106.1|Homo	hsa_ires_00106.1|Homo
hsa_ires_00138.1|Homo	hsa_ires_00138.1|Homo
hsa_ires_00170.1|Homo	hsa_ires_00170.1|Homo
hsa_ires_00202.1|Homo	hsa_ires_00202.1|Homo
hsa_ires_00234.1|Homo	hsa_ires_00234.1|Homo
hsa_ires_00266.1|Homo	hsa_ires_00266.1|Homo
hsa_ires_00298.1|Homo	hsa_ires_00298.1|Homo
hsa_ires_00330.1|Homo	hsa_ires_00330.1|Homo
hsa_ires_00362.1|Homo	hsa_ires_00362.1|Homo
hsa_ires_00394.1|Homo	hsa_ires_00394.1|Homo
hsa_ires_00426.1|Homo	hsa_ires_00426.1|Homo
hsa_ires_00458.1|Homo	hsa_ires_00458.1|Homo
hsa_ires_00490.1|Homo	hsa_ires_00490.1|Homo
hsa_ires_00522.1|Homo	hsa_ires_00522.1|Homo
hsa_ires_00554.1|Homo	hsa_ires_00554.1|Homo
hsa_ires_00586.1|Homo	hsa_ires_00586.1|Homo
hsa_ires_00618.1|Homo	hsa_ires_00618.1|Homo
hsa_ires_00618.1|Homo	MYT2_997-1152|Homo
hsa_ires_00650.1|Homo	hsa_ires_00650.1|Homo
hsa_ires_00682.1|Homo	hsa_ires_00682.1|Homo
mmu_ires_00022.1|Mus	mmu_ires_00022.1|Mus
mouse_hsa_ires_00416.1	mouse_hsa_ires_00416.1
mouse_hsa_ires_00416.1	mouse_hsa_ires_00207.1
mouse_hsa_ires_00252.1	mouse_hsa_ires_00252.1
PSIV_IGR|Plautia	PSIV_IGR|Plautia
vir_ires_00334.1	vir_ires_00334.1
vir_ires_00229.1	vir_ires_00229.1
vir_ires_00092.1	vir_ires_00092.1
vir_ires_00133.1	vir_ires_00133.1
vir_ires_00084.1	vir_ires_00084.1
vir_ires_00064.1	vir_ires_00064.1
vir_ires_00294.1	vir_ires_00294.1
vir_ires_00479.1	vir_ires_00479.1
vir_ires_00430.1	vir_ires_00430.1
vir_ires_00341.1	vir_ires_00341.1
vir_ires_00341.1	vir_ires_00440.1
vir_ires_00498.1	vir_ires_00498.1
vir_ires_00112.1	vir_ires_00112.1
vir_ires_00102.1	vir_ires_00102.1
vir_ires_00102.1	vir_ires_00101.1
vir_ires_00031.1	vir_ires_00031.1
vir_ires_00531.1	vir_ires_00531.1
CM000667.2:142697800-142697634	CM000667.2:142697800-142697634
hSNM1|Homo	hSNM1|Homo
hSNM1|Homo	hsa_ires_00603.1|Homo
hsa_ires_00011.1|Homo	hsa_ires_00011.1|Homo
hsa_ires_00043.1|Homo	hsa_ires_00043.1|Homo
hsa_ires_00075.1|Homo	hsa_ires_00075.1|Homo
hsa_ires_00107.1|Homo	hsa_ires_00107.1|Homo
hsa_ires_00139.1|Homo	hsa_ires_00139.1|Homo
hsa_ires_00171.1|Homo	hsa_ires_00171.1|Homo
hsa_ires_00203.1|Homo	hsa_ires_00203.1|Homo
hsa_ires_00235.1|Homo	hsa_ires_00235.1|Homo
hsa_ires_00267.1|Homo	hsa_ires_00267.1|Homo
hsa_ires_00299.1|Homo	hsa_ires_00299.1|Homo
hsa_ires_00331.1|Homo	hsa_ires_00331.1|Homo
hsa_ires_00363.1|Homo	hsa_ires_00363.1|Homo
hsa_ires_00395.1|Homo	hsa_ires_00395.1|Homo
hsa_ires_00427.1|Homo	hsa_ires_00427.1|Homo
hsa_ires_00459.1|Homo	hsa_ires_00459.1|Homo
hsa_ires_00491.1|Homo	hsa_ires_00491.1|Homo
hsa_ires_00523.1|Homo	hsa_ires_00523.1|Homo
hsa_ires_00555.1|Homo	hsa_ires_00555.1|Homo
hsa_ires_00587.1|Homo	hsa_ires_00587.1|Homo
hsa_ires_00651.1|Homo	hsa_ires_00651.1|Homo
hsa_ires_00683.1|Homo	hsa_ires_00683.1|Homo
HIF1a|Mus	HIF1a|Mus
HIF1a|Mus	mouse_CM000676.2:61695528-61695807
HIF1a|Mus	mmu_ires_00001.1|Mus
HIF1a|Mus	CM001005.3:73954790-73955066
mmu_ires_00023.1|Mus	mmu_ires_00023.1|Mus
mouse_hsa_ires_00016.1	mouse_hsa_ires_00016.1
mouse_hsa_ires_00387.1	mouse_hsa_ires_00387.1
KX883979.1:6097-6308	KX883979.1:6097-6308
PV_type1_Mahoney|Human	PV_type1_Mahoney|Human
vir_ires_00375.1	vir_ires_00375.1
vir_ires_00382.1	vir_ires_00382.1
vir_ires_00501.1	vir_ires_00501.1
vir_ires_00303.1	vir_ires_00303.1
vir_ires_00158.1	vir_ires_00158.1
vir_ires_00154.1	vir_ires_00154.1
vir_ires_00361.1	vir_ires_00361.1
vir_ires_00361.1	vir_ires_00339.1
vir_ires_00484.1	vir_ires_00484.1
vir_ires_00505.1	vir_ires_00505.1
vir_ires_00505.1	CVB3|Human
vir_ires_00146.1	vir_ires_00146.1
vir_ires_00135.1	vir_ires_00135.1
vir_ires_00076.1	vir_ires_00076.1
vir_ires_00137.1	vir_ires_00137.1
vir_ires_00234.1	vir_ires_00234.1
vir_ires_00532.1	vir_ires_00532.1
CM000676.2:61695528-61695807	CM000676.2:61695528-61695807
hsa_ires_00012.1|Homo	hsa_ires_00012.1|Homo
hsa_ires_00044.1|Homo	hsa_ires_00044.1|Homo
hsa_ires_00076.1|Homo	hsa_ires_00076.1|Homo
hsa_ires_00108.1|Homo	hsa_ires_00108.1|Homo
hsa_ires_00140.1|Homo	hsa_ires_00140.1|Homo
hsa_ires_00172.1|Homo	hsa_ires_00172.1|Homo
hsa_ires_00204.1|Homo	hsa_ires_00204.1|Homo
hsa_ires_00236.1|Homo	hsa_ires_00236.1|Homo
hsa_ires_00268.1|Homo	hsa_ires_00268.1|Homo
hsa_ires_00300.1|Homo	hsa_ires_00300.1|Homo
hsa_ires_00332.1|Homo	hsa_ires_00332.1|Homo
hsa_ires_00364.1|Homo	hsa_ires_00364.1|Homo
hsa_ires_00396.1|Homo	hsa_ires_00396.1|Homo
hsa_ires_00428.1|Homo	hsa_ires_00428.1|Homo
hsa_ires_00460.1|Homo	hsa_ires_00460.1|Homo
hsa_ires_00492.1|Homo	hsa_ires_00492.1|Homo
hsa_ires_00524.1|Homo	hsa_ires_00524.1|Homo
hsa_ires_00556.1|Homo	hsa_ires_00556.1|Homo
hsa_ires_00588.1|Homo	hsa_ires_00588.1|Homo
hsa_ires_00620.1|Homo	hsa_ires_00620.1|Homo
hsa_ires_00620.1|Homo	BCL2|Homo
hsa_ires_00652.1|Homo	hsa_ires_00652.1|Homo
hsa_ires_00684.1|Homo	hsa_ires_00684.1|Homo
Kv1.4_1.2|Mus	Kv1.4_1.2|Mus
mmu_ires_00024.1|Mus	mmu_ires_00024.1|Mus
mouse_hsa_ires_00368.1	mouse_hsa_ires_00368.1
mouse_hsa_ires_00368.1	mouse_hsa_ires_00439.1
KX884348.1:7089-7293	KX884348.1:7089-7293
PV_type3_Leon|Human	PV_type3_Leon|Human
vir_ires_00231.1	vir_ires_00231.1
vir_ires_00161.1	vir_ires_00161.1
vir_ires_00425.1	vir_ires_00425.1
vir_ires_00425.1	vir_ires_00378.1
vir_ires_00071.1	vir_ires_00071.1
vir_ires_00016.1	vir_ires_00016.1
vir_ires_00508.1	vir_ires_00508.1
vir_ires_00428.1	vir_ires_00428.1
vir_ires_00428.1	vir_ires_00026.1
vir_ires_00338.1	vir_ires_00338.1
vir_ires_00011.1	vir_ires_00011.1
vir_ires_00507.1	vir_ires_00507.1
vir_ires_00507.1	GBV-A|Hepatitis
vir_ires_00331.1	vir_ires_00331.1
vir_ires_00068.1	vir_ires_00068.1
vir_ires_00068.1	vir_ires_00186.1
vir_ires_00328.1	vir_ires_00328.1
vir_ires_00217.1	vir_ires_00217.1
vir_ires_00280.1	vir_ires_00280.1
vir_ires_00422.1	vir_ires_00422.1
vir_ires_00533.1	vir_ires_00533.1
vir_ires_00533.1	vir_ires_00523.1
IGF2_leader2|Homo	IGF2_leader2|Homo
IGF2_leader2|Homo	mouse_hsa_ires_00526.1
hsa_ires_00013.1|Homo	hsa_ires_00013.1|Homo
hsa_ires_00045.1|Homo	hsa_ires_00045.1|Homo
hsa_ires_00077.1|Homo	hsa_ires_00077.1|Homo
hsa_ires_00109.1|Homo	hsa_ires_00109.1|Homo
hsa_ires_00141.1|Homo	hsa_ires_00141.1|Homo
hsa_ires_00173.1|Homo	hsa_ires_00173.1|Homo
hsa_ires_00205.1|Homo	hsa_ires_00205.1|Homo
hsa_ires_00237.1|Homo	hsa_ires_00237.1|Homo
hsa_ires_00269.1|Homo	hsa_ires_00269.1|Homo
hsa_ires_00301.1|Homo	hsa_ires_00301.1|Homo
hsa_ires_00333.1|Homo	hsa_ires_00333.1|Homo
hsa_ires_00365.1|Homo	hsa_ires_00365.1|Homo
hsa_ires_00397.1|Homo	hsa_ires_00397.1|Homo
hsa_ires_00429.1|Homo	hsa_ires_00429.1|Homo
hsa_ires_00461.1|Homo	hsa_ires_00461.1|Homo
hsa_ires_00493.1|Homo	hsa_ires_00493.1|Homo
hsa_ires_00525.1|Homo	hsa_ires_00525.1|Homo
hsa_ires_00557.1|Homo	hsa_ires_00557.1|Homo
hsa_ires_00589.1|Homo	hsa_ires_00589.1|Homo
hsa_ires_00621.1|Homo	hsa_ires_00621.1|Homo
hsa_ires_00653.1|Homo	hsa_ires_00653.1|Homo
hsa_ires_00685.1|Homo	hsa_ires_00685.1|Homo
mmu_ires_00025.1|Mus	mmu_ires_00025.1|Mus
KX884282.1:5938-6130	KX884282.1:5938-6130
REV-A|Reticuloendotheliosis	REV-A|Reticuloendotheliosis
vir_ires_00313.1	vir_ires_00313.1
vir_ires_00162.1	vir_ires_00162.1
vir_ires_00412.1	vir_ires_00412.1
vir_ires_00166.1	vir_ires_00166.1
vir_ires_00222.1	vir_ires_00222.1
vir_ires_00132.1	vir_ires_00132.1
vir_ires_00365.1	vir_ires_00365.1
vir_ires_00067.1	vir_ires_00067.1
vir_ires_00429.1	vir_ires_00429.1
vir_ires_00429.1	vir_ires_00047.1
vir_ires_00495.1	vir_ires_00495.1
vir_ires_00495.1	ALPV_IGRpred|Aphid
vir_ires_00168.1	vir_ires_00168.1
vir_ires_00224.1	vir_ires_00224.1
vir_ires_00271.1	vir_ires_00271.1
vir_ires_00268.1	vir_ires_00268.1
vir_ires_00391.1	vir_ires_00391.1
vir_ires_00534.1	vir_ires_00534.1
CM000685.2:18534867-18535067	CM000685.2:18534867-18535067
L-myc|Homo	L-myc|Homo
hsa_ires_00014.1|Homo	hsa_ires_00014.1|Homo
hsa_ires_00046.1|Homo	hsa_ires_00046.1|Homo
hsa_ires_00078.1|Homo	hsa_ires_00078.1|Homo
hsa_ires_00110.1|Homo	hsa_ires_00110.1|Homo
hsa_ires_00174.1|Homo	hsa_ires_00174.1|Homo
hsa_ires_00206.1|Homo	hsa_ires_00206.1|Homo
hsa_ires_00238.1|Homo	hsa_ires_00238.1|Homo
hsa_ires_00270.1|Homo	hsa_ires_00270.1|Homo
hsa_ires_00302.1|Homo	hsa_ires_00302.1|Homo
hsa_ires_00334.1|Homo	hsa_ires_00334.1|Homo
hsa_ires_00366.1|Homo	hsa_ires_00366.1|Homo
hsa_ires_00398.1|Homo	hsa_ires_00398.1|Homo
hsa_ires_00430.1|Homo	hsa_ires_00430.1|Homo
hsa_ires_00462.1|Homo	hsa_ires_00462.1|Homo
hsa_ires_00494.1|Homo	hsa_ires_00494.1|Homo
hsa_ires_00526.1|Homo	hsa_ires_00526.1|Homo
hsa_ires_00558.1|Homo	hsa_ires_00558.1|Homo
hsa_ires_00590.1|Homo	hsa_ires_00590.1|Homo
hsa_ires_00622.1|Homo	hsa_ires_00622.1|Homo
hsa_ires_00654.1|Homo	hsa_ires_00654.1|Homo
hsa_ires_00686.1|Homo	hsa_ires_00686.1|Homo
NDST2|Mus	NDST2|Mus
NDST2|Mus	mmu_ires_00004.1|Mus
mmu_ires_00026.1|Mus	mmu_ires_00026.1|Mus
mouse_hsa_ires_00059.1	mouse_hsa_ires_00059.1
mouse_hsa_ires_00264.1	mouse_hsa_ires_00264.1
mouse_hsa_ires_00450.1	mouse_hsa_ires_00450.1
mouse_hsa_ires_00450.1	mouse_hsa_ires_00461.1
KX883971.1:5699-5893	KX883971.1:5699-5893
vir_ires_00332.1	vir_ires_00332.1
vir_ires_00024.1	vir_ires_00024.1
vir_ires_00453.1	vir_ires_00453.1
vir_ires_00246.1	vir_ires_00246.1
vir_ires_00014.1	vir_ires_00014.1
vir_ires_00237.1	vir_ires_00237.1
vir_ires_00243.1	vir_ires_00243.1
vir_ires_00369.1	vir_ires_00369.1
vir_ires_00281.1	vir_ires_00281.1
vir_ires_00281.1	vir_ires_00043.1
vir_ires_00464.1	vir_ires_00464.1
vir_ires_00034.1	vir_ires_00034.1
vir_ires_00314.1	vir_ires_00314.1
vir_ires_00019.1	vir_ires_00019.1
vir_ires_00019.1	vir_ires_00013.1
vir_ires_00367.1	vir_ires_00367.1
vir_ires_00342.1	vir_ires_00342.1
vir_ires_00535.1	vir_ires_00535.1
LamB1_-335_-1|Homo	LamB1_-335_-1|Homo
hsa_ires_00015.1|Homo	hsa_ires_00015.1|Homo
hsa_ires_00047.1|Homo	hsa_ires_00047.1|Homo
hsa_ires_00079.1|Homo	hsa_ires_00079.1|Homo
hsa_ires_00111.1|Homo	hsa_ires_00111.1|Homo
hsa_ires_00143.1|Homo	hsa_ires_00143.1|Homo
hsa_ires_00143.1|Homo	hsa_ires_00147.1|Homo
hsa_ires_00143.1|Homo	hsa_ires_00142.1|Homo
hsa_ires_00175.1|Homo	hsa_ires_00175.1|Homo
hsa_ires_00207.1|Homo	hsa_ires_00207.1|Homo
hsa_ires_00239.1|Homo	hsa_ires_00239.1|Homo
hsa_ires_00271.1|Homo	hsa_ires_00271.1|Homo
hsa_ires_00303.1|Homo	hsa_ires_00303.1|Homo
hsa_ires_00335.1|Homo	hsa_ires_00335.1|Homo
hsa_ires_00367.1|Homo	hsa_ires_00367.1|Homo
hsa_ires_00399.1|Homo	hsa_ires_00399.1|Homo
hsa_ires_00431.1|Homo	hsa_ires_00431.1|Homo
hsa_ires_00463.1|Homo	hsa_ires_00463.1|Homo
hsa_ires_00495.1|Homo	hsa_ires_00495.1|Homo
hsa_ires_00527.1|Homo	hsa_ires_00527.1|Homo
hsa_ires_00559.1|Homo	hsa_ires_00559.1|Homo
hsa_ires_00591.1|Homo	hsa_ires_00591.1|Homo
hsa_ires_00623.1|Homo	hsa_ires_00623.1|Homo
hsa_ires_00655.1|Homo	hsa_ires_00655.1|Homo
hsa_ires_00687.1|Homo	hsa_ires_00687.1|Homo
NDST3|Mus	NDST3|Mus
NDST3|Mus	mmu_ires_00005.1|Mus
mmu_ires_00027.1|Mus	mmu_ires_00027.1|Mus
mmu_ires_00027.1|Mus	hsa_ires_00672.1|Homo
mouse_p27kip1	mouse_p27kip1
mouse_p27kip1	mouse_hsa_ires_00592.1
mouse_hsa_ires_00341.1	mouse_hsa_ires_00341.1
mouse_hsa_ires_00341.1	CM001005.3:12990637-12990368
KX884274.1:7022-7201	KX884274.1:7022-7201
vir_ires_00214.1	vir_ires_00214.1
vir_ires_00408.1	vir_ires_00408.1
vir_ires_00408.1	vir_ires_00379.1
vir_ires_00008.1	vir_ires_00008.1
vir_ires_00450.1	vir_ires_00450.1
vir_ires_00450.1	vir_ires_00020.1
vir_ires_00448.1	vir_ires_00448.1
vir_ires_00296.1	vir_ires_00296.1
vir_ires_00264.1	vir_ires_00264.1
vir_ires_00134.1	vir_ires_00134.1
vir_ires_00301.1	vir_ires_00301.1
vir_ires_00345.1	vir_ires_00345.1
vir_ires_00085.1	vir_ires_00085.1
vir_ires_00267.1	vir_ires_00267.1
vir_ires_00267.1	vir_ires_00033.1
vir_ires_00210.1	vir_ires_00210.1
vir_ires_00476.1	vir_ires_00476.1
vir_ires_00173.1	vir_ires_00173.1
vir_ires_00305.1	vir_ires_00305.1
vir_ires_00536.1	vir_ires_00536.1
